product_id,cat1,cat2,cat3,brand,sku_size,descripcion
20609,FOODS,ADEREZOS,Aji Picante,NATURA,240,Salsa Aji Picante
20266,FOODS,ADEREZOS,Barbacoa,NATURA,250,Salsa Barbacoa
20325,FOODS,ADEREZOS,Barbacoa,NATURA,400,Salsa Barbacoa
20503,FOODS,ADEREZOS,Barbacoa,NATURA,500,Salsa Barbacoa
20797,FOODS,ADEREZOS,Chimichurri,NATURA,350,Chimichurri
20299,FOODS,ADEREZOS,Ketchup,MAJESTA,240,Ketchup
20158,FOODS,ADEREZOS,Ketchup,MAYOS3,240,Ketchup
20728,FOODS,ADEREZOS,Ketchup,NATURA,250,Ketchup Light
21020,FOODS,ADEREZOS,Ketchup,NATURA,375,Ketchup Miel
20806,FOODS,ADEREZOS,Ketchup,NATURA,375,Ketchup Reguylar
20119,FOODS,ADEREZOS,Ketchup,NATURA,60,Ketchup tomate
20033,FOODS,ADEREZOS,Ketchup,NATURA,240,Ketchup tomate
20242,FOODS,ADEREZOS,Ketchup,NATURA,400,Ketchup tomate
20095,FOODS,ADEREZOS,Ketchup,NATURA,500,Ketchup tomate
20506,FOODS,ADEREZOS,Mayonesa,MAJESTA,340,Mayonesa Frasco
20270,FOODS,ADEREZOS,Mayonesa,MAJESTA,120,Mayonesa Tradicional
20161,FOODS,ADEREZOS,Mayonesa,MAJESTA,250,Mayonesa Tradicional
20107,FOODS,ADEREZOS,Mayonesa,MAJESTA,475,Mayonesa Tradicional
20175,FOODS,ADEREZOS,Mayonesa,MAJESTA,1000,Mayonesa Tradicional
20227,FOODS,ADEREZOS,Mayonesa,MAYOS3,120,Reguar sin TACC
20116,FOODS,ADEREZOS,Mayonesa,MAYOS3,240,Reguar sin TACC
20084,FOODS,ADEREZOS,Mayonesa,MAYOS3,475,Reguar sin TACC
20121,FOODS,ADEREZOS,Mayonesa,MAYOS3,950,Reguar sin TACC
20459,FOODS,ADEREZOS,Mayonesa,NATURA,230,Casera
20522,FOODS,ADEREZOS,Mayonesa,NATURA,500,Casera
20580,FOODS,ADEREZOS,Mayonesa,NATURA,240,Ketchup Vegano
20547,FOODS,ADEREZOS,Mayonesa,NATURA,500,Ketchup Vegano
20384,FOODS,ADEREZOS,Mayonesa,NATURA,120,Light sin TACC
20108,FOODS,ADEREZOS,Mayonesa,NATURA,240,Light sin TACC
20454,FOODS,ADEREZOS,Mayonesa,NATURA,330,Light sin TACC
20683,FOODS,ADEREZOS,Mayonesa,NATURA,350,Light sin TACC
20046,FOODS,ADEREZOS,Mayonesa,NATURA,475,Light sin TACC
20645,FOODS,ADEREZOS,Mayonesa,NATURA,500,Light sin TACC
20118,FOODS,ADEREZOS,Mayonesa,NATURA,950,Light sin TACC
20440,FOODS,ADEREZOS,Mayonesa,NATURA,250,Mayonesa Palta
20396,FOODS,ADEREZOS,Mayonesa,NATURA,240,Oliva
20399,FOODS,ADEREZOS,Mayonesa,NATURA,475,Oliva sin TACC
20005,FOODS,ADEREZOS,Mayonesa,NATURA,120,Regular sin TACC
20004,FOODS,ADEREZOS,Mayonesa,NATURA,240,Regular sin TACC
20379,FOODS,ADEREZOS,Mayonesa,NATURA,330,Regular sin TACC
20394,FOODS,ADEREZOS,Mayonesa,NATURA,330,Regular sin TACC
20003,FOODS,ADEREZOS,Mayonesa,NATURA,475,Regular sin TACC
20501,FOODS,ADEREZOS,Mayonesa,NATURA,475,Regular sin TACC
20019,FOODS,ADEREZOS,Mayonesa,NATURA,950,Regular sin TACC
20554,FOODS,ADEREZOS,Mayonesa,NATURA,240,Sin colesterol
20494,FOODS,ADEREZOS,Mayonesa,NATURA,500,Sin colesterol
20796,FOODS,ADEREZOS,Mayonesa,NATURA,120,Suave sin TACC
20264,FOODS,ADEREZOS,Mayonesa,NATURA,250,Suave sin TACC
20207,FOODS,ADEREZOS,Mayonesa,NATURA,475,Suave sin TACC
20322,FOODS,ADEREZOS,Mayonesa,NATURA,1000,Suave sin TACC
20328,FOODS,ADEREZOS,Mostaza,MAJESTA,240,Mostaza
20232,FOODS,ADEREZOS,Mostaza,MAYOS3,240,Mostaza
20684,FOODS,ADEREZOS,Mostaza,MOSTAZA1,220,Especias
20250,FOODS,ADEREZOS,Mostaza,MOSTAZA1,370,Especias
21154,FOODS,ADEREZOS,Mostaza,MOSTAZA1,180,Mostaza Ahumada
21144,FOODS,ADEREZOS,Mostaza,MOSTAZA1,180,Pimienta
20100,FOODS,ADEREZOS,Mostaza,MOSTAZA1,60,Regular
20211,FOODS,ADEREZOS,Mostaza,MOSTAZA1,200,Regular
20023,FOODS,ADEREZOS,Mostaza,MOSTAZA1,240,Regular
20078,FOODS,ADEREZOS,Mostaza,MOSTAZA1,500,Regular
20668,FOODS,ADEREZOS,Mostaza,MOSTAZA1,250,Suave
20375,FOODS,ADEREZOS,Mostaza,MOSTAZA1,200,Suave Especiada
20884,FOODS,ADEREZOS,Mostaza,MOSTAZA1,275,abejas
21146,FOODS,ADEREZOS,Mostaza,MOSTAZA1,180,colchon de finas hierbas
20471,FOODS,ADEREZOS,Salsa Golf,MAJESTA,240,Salsa golf
20224,FOODS,ADEREZOS,Salsa Golf,MAYOS3,240,Salsa golf
20289,FOODS,ADEREZOS,Salsa Golf,NATURA,125,Salsa golf
20146,FOODS,ADEREZOS,Salsa Golf,NATURA,240,Salsa golf
20512,FOODS,ADEREZOS,Salsa Golf,NATURA,350,Salsa golf
20096,FOODS,OTROS,Almidon,HARINAMA,215,Almidon
20086,FOODS,OTROS,Almidon,HARINAMA,500,Almidon
20798,FOODS,OTROS,Bizcochuelo,HARINAMA,500,Brownie
20689,FOODS,OTROS,Bizcochuelo,HARINAMA,500,Choco
20817,FOODS,OTROS,Bizcochuelo,HARINAMA,500,Limon
20835,FOODS,OTROS,Bizcochuelo,HARINAMA,500,Naranja
20558,FOODS,OTROS,Bizcochuelo,HARINAMA,500,Vainilla
20995,FOODS,OTROS,Galletitas,HARINAMA,180,Sabor 1
20975,FOODS,OTROS,Galletitas,HARINAMA,180,Sabor 2
20962,FOODS,OTROS,Galletitas,HARINAMA,180,Sabor 8
21188,FOODS,OTROS,Granolas,HARINAMA,35,Sabor 3
21206,FOODS,OTROS,Granolas,HARINAMA,35,Sabor 4
21011,FOODS,OTROS,Granolas,HARINAMA,200,Sabor 5
21043,FOODS,OTROS,Granolas,HARINAMA,270,Sabor 5
20979,FOODS,OTROS,Granolas,HARINAMA,200,Sabor 6
21031,FOODS,OTROS,Granolas,HARINAMA,270,Sabor 6
21250,FOODS,OTROS,Granolas,HARINAMA,180,Sabor 7
21258,FOODS,OTROS,Granolas,HARINAMA,250,Sabor 7
21251,FOODS,OTROS,Granolas,HARINAMA,180,Sabor 9
21254,FOODS,OTROS,Granolas,HARINAMA,250,Sabor 9
20940,FOODS,OTROS,Pastas,HARINAMA,400,Sabor 10
20964,FOODS,OTROS,Pastas,HARINAMA,400,Sabor 10
20929,FOODS,OTROS,Pastas,HARINAMA,400,Sabor 11
20843,FOODS,SOPAS Y CALDOS,Baking Bags,MAGGI,15,Sabor 1
20759,FOODS,SOPAS Y CALDOS,Baking Bags,MAGGI,15,Sabor 2
21100,FOODS,SOPAS Y CALDOS,Baking Bags,MAGGI,15,Sabor 3
20715,FOODS,SOPAS Y CALDOS,Baking Bags,MAGGI,15,Sabor 4
20863,FOODS,SOPAS Y CALDOS,Baking Bags,MAGGI,15,Sabor 5
20614,FOODS,SOPAS Y CALDOS,Baking Bags,MAGGI,15,Sabor 6
21143,FOODS,SOPAS Y CALDOS,Baking Bags,MAGGI,15,Sabor 7
20664,FOODS,SOPAS Y CALDOS,Baking Bags,MAGGI,15,Sabor 8
20567,FOODS,SOPAS Y CALDOS,Caldo Cubo,MAGGI,12,Cado Gallina sin sal  x12
20271,FOODS,SOPAS Y CALDOS,Caldo Cubo,MAGGI,12,Caldo Carne x12
20647,FOODS,SOPAS Y CALDOS,Caldo Cubo,MAGGI,2,Caldo Carne x2
20555,FOODS,SOPAS Y CALDOS,Caldo Cubo,MAGGI,6,Caldo Carne x6
20090,FOODS,SOPAS Y CALDOS,Caldo Cubo,MAGGI,12,Caldo Gallina x12
20278,FOODS,SOPAS Y CALDOS,Caldo Cubo,MAGGI,2,Caldo Gallina x2
20249,FOODS,SOPAS Y CALDOS,Caldo Cubo,MAGGI,6,Caldo Gallina x6
20323,FOODS,SOPAS Y CALDOS,Caldo Cubo,MAGGI,12,Claldo verduras sin sal
20037,FOODS,SOPAS Y CALDOS,Caldo Cubo,MAGGI,12,Verdura x12
20192,FOODS,SOPAS Y CALDOS,Caldo Cubo,MAGGI,2,Verdura x2
20152,FOODS,SOPAS Y CALDOS,Caldo Cubo,MAGGI,6,Verdura x6
20240,FOODS,SOPAS Y CALDOS,Caldo Cubo,MAGGI2,12,Sabor 1 x 12
20565,FOODS,SOPAS Y CALDOS,Caldo Cubo,MAGGI2,2,Sabor 1 x 2
20142,FOODS,SOPAS Y CALDOS,Caldo Cubo,MAGGI2,12,Sabor 2 x 12
20259,FOODS,SOPAS Y CALDOS,Caldo Cubo,MAGGI2,2,Sabor 2 x 2
20285,FOODS,SOPAS Y CALDOS,Caldo Cubo,MAGGI2,6,Sabor 2 x 6
20556,FOODS,SOPAS Y CALDOS,Caldo Cubo,MAGGI2,12,Sabor 3 x 12
20890,FOODS,SOPAS Y CALDOS,Caldo Cubo,MAGGI2,6,Sabor 5 x 6
20781,FOODS,SOPAS Y CALDOS,Caldos Granulados,MAGGI,4,Caldo Granulado sin sal
20947,FOODS,SOPAS Y CALDOS,Caldos Granulados,MAGGI,4,Carnes Patagonicas
21242,FOODS,SOPAS Y CALDOS,Caldos Granulados,MAGGI,12,Carnes Patagonicas
20846,FOODS,SOPAS Y CALDOS,Caldos Granulados,MAGGI,5,Claldo Granulado verduras
20974,FOODS,SOPAS Y CALDOS,Caldos Granulados,MAGGI,12,Claldo Granulado verduras
21005,FOODS,SOPAS Y CALDOS,Caldos Granulados,MAGGI,12,Claldo Granulado verduras sin sal
20970,FOODS,SOPAS Y CALDOS,Caldos Granulados,MAGGI,4,Gallina
21234,FOODS,SOPAS Y CALDOS,Caldos Granulados,MAGGI,12,Gallina
20812,FOODS,SOPAS Y CALDOS,Caldos Granulados,MAGGI,4,Verduras multiples
21220,FOODS,SOPAS Y CALDOS,Caldos Granulados,MAGGI,12,Verduras multiples
20800,FOODS,SOPAS Y CALDOS,Dishes,MAGGI,8,Arroz Cuatro Quesos
20778,FOODS,SOPAS Y CALDOS,Dishes,MAGGI,8,Arroz Paella
21215,FOODS,SOPAS Y CALDOS,Dishes,MAGGI,8,Arroz Verduras
20617,FOODS,SOPAS Y CALDOS,Dishes,MAGGI,8,Arroz hortalizas
21081,FOODS,SOPAS Y CALDOS,Dishes,MAGGI,8,Arroz pollo
21172,FOODS,SOPAS Y CALDOS,Dishes,MAGGI,8,Fideo con berengenas
20936,FOODS,SOPAS Y CALDOS,Dishes,MAGGI,8,Fideos
20852,FOODS,SOPAS Y CALDOS,Dishes,MAGGI,8,Fideos Tirabuzon
20828,FOODS,SOPAS Y CALDOS,Dishes,MAGGI,8,Fideos al verdeo
20925,FOODS,SOPAS Y CALDOS,Dishes,MAGGI,8,Fideos con mix de vegetales
21091,FOODS,SOPAS Y CALDOS,Dishes,MAGGI,8,Fideos con salsa bolognesa
20079,FOODS,SOPAS Y CALDOS,Pure de Papas,MAGGI,125,Pure Listo
20228,FOODS,SOPAS Y CALDOS,Pure de Papas,MAGGI,200,Pure Listo
20216,FOODS,SOPAS Y CALDOS,Pure de Papas,MAGGI,125,Pure papas bravas
20409,FOODS,SOPAS Y CALDOS,Pure de Papas,MAGGI,125,Pure papas con Zaparllo
20052,FOODS,SOPAS Y CALDOS,Pure de Tomate,MAGGI,500,Pure de Tomate
20460,FOODS,SOPAS Y CALDOS,PurePapas,SALSATI,100,Pure de Papas
20237,FOODS,SOPAS Y CALDOS,Salsas,SALSATI,350,Filetto
20186,FOODS,SOPAS Y CALDOS,Salsas,SALSATI,350,Pizza
20229,FOODS,SOPAS Y CALDOS,Salsas,SALSATI,350,Pomarola
20760,FOODS,SOPAS Y CALDOS,Salsas,SALSATI,350,Portuguesa
20723,FOODS,SOPAS Y CALDOS,Salsas,SALSATI,350,Tuco
21151,FOODS,SOPAS Y CALDOS,Salsas Dry,MAGGI,10,Albhaca
21032,FOODS,SOPAS Y CALDOS,Salsas Dry,MAGGI,10,Blanca
20948,FOODS,SOPAS Y CALDOS,Salsas Dry,MAGGI,10,Cuatro Quesos
21131,FOODS,SOPAS Y CALDOS,Salsas Dry,MAGGI,10,Pesto
21088,FOODS,SOPAS Y CALDOS,Salsas Dry,MAGGI,10,Salsa Tomate y Carne
20136,FOODS,SOPAS Y CALDOS,Salsas Wet,MAGGI,350,Bolognesa
20194,FOODS,SOPAS Y CALDOS,Salsas Wet,MAGGI,350,Napolitana
20435,FOODS,SOPAS Y CALDOS,Salsas Wet,MAGGI,200,NuevaFiletto
20105,FOODS,SOPAS Y CALDOS,Salsas Wet,MAGGI,350,NuevaFiletto
20173,FOODS,SOPAS Y CALDOS,Salsas Wet,MAGGI,200,Pizza
20048,FOODS,SOPAS Y CALDOS,Salsas Wet,MAGGI,350,Pizza
20360,FOODS,SOPAS Y CALDOS,Salsas Wet,MAGGI,350,Pomarola Light
20077,FOODS,SOPAS Y CALDOS,Salsas Wet,MAGGI,350,Pomarola Tradicional
20169,FOODS,SOPAS Y CALDOS,Salsas Wet,MAGGI,350,Portuguesa
21239,FOODS,SOPAS Y CALDOS,Sazonadores,MAGGI,12,Hierbas del bosque
21024,FOODS,SOPAS Y CALDOS,Sazonadores,MAGGI,4,Hongos
21247,FOODS,SOPAS Y CALDOS,Sazonadores,MAGGI,12,Hongos
21016,FOODS,SOPAS Y CALDOS,Sazonadores,MAGGI,4,Margarita
20730,FOODS,SOPAS Y CALDOS,Sazonadores,MAGGI,10,Sabor 1
20721,FOODS,SOPAS Y CALDOS,Sazonadores,MAGGI,10,Sabor 2
20860,FOODS,SOPAS Y CALDOS,Sazonadores,MAGGI,10,Sabor 3
20641,FOODS,SOPAS Y CALDOS,Sazonadores,MAGGI,10,Sabor 4
21045,FOODS,SOPAS Y CALDOS,Sazonadores,MAGGI,10,Sabor 5
20660,FOODS,SOPAS Y CALDOS,Sazonadores,MAGGI,10,Sabor 6
21152,FOODS,SOPAS Y CALDOS,Sazonadores,MAGGI,4,Sabor1
21287,FOODS,SOPAS Y CALDOS,Sazonadores,MAGGI,10,Sesamo
20847,FOODS,SOPAS Y CALDOS,Sazonadores,MAGGI,4,Tomillo
21038,FOODS,SOPAS Y CALDOS,Sazonadores,MAGGI,4,Tomillo
21237,FOODS,SOPAS Y CALDOS,Sazonadores,MAGGI,12,Tomillo
20398,FOODS,SOPAS Y CALDOS,Sopas,MAGGI,10,Sopa 1
21075,FOODS,SOPAS Y CALDOS,Sopas,MAGGI,5,Sopa 10
20813,FOODS,SOPAS Y CALDOS,Sopas,MAGGI,10,Sopa 2
20509,FOODS,SOPAS Y CALDOS,Sopas,MAGGI,5,Sopa 20
20987,FOODS,SOPAS Y CALDOS,Sopas,MAGGI,500,Sopa 20
21067,FOODS,SOPAS Y CALDOS,Sopas,MAGGI,5,Sopa 21
20234,FOODS,SOPAS Y CALDOS,Sopas,MAGGI,10,Sopa 21
20665,FOODS,SOPAS Y CALDOS,Sopas,MAGGI,5,Sopa 22
20984,FOODS,SOPAS Y CALDOS,Sopas,MAGGI,5,Sopa 23
21064,FOODS,SOPAS Y CALDOS,Sopas,MAGGI,5,Sopa 23
20991,FOODS,SOPAS Y CALDOS,Sopas,MAGGI,5,Sopa 24
21099,FOODS,SOPAS Y CALDOS,Sopas,MAGGI,5,Sopa 24
20636,FOODS,SOPAS Y CALDOS,Sopas,MAGGI,5,Sopa 26
20675,FOODS,SOPAS Y CALDOS,Sopas,MAGGI,10,Sopa 27
20729,FOODS,SOPAS Y CALDOS,Sopas,MAGGI,10,Sopa 3
20561,FOODS,SOPAS Y CALDOS,Sopas,MAGGI,5,Sopa 4
20670,FOODS,SOPAS Y CALDOS,Sopas,MAGGI,10,Sopa 4
20663,FOODS,SOPAS Y CALDOS,Sopas,MAGGI,5,Sopa 4 light
20868,FOODS,SOPAS Y CALDOS,Sopas,MAGGI,10,Sopa 5
20418,FOODS,SOPAS Y CALDOS,Sopas,MAGGI,5,Sopa 6
20773,FOODS,SOPAS Y CALDOS,Sopas,MAGGI,5,Sopa 6
21015,FOODS,SOPAS Y CALDOS,Sopas,MAGGI,10,Sopa 6
20907,FOODS,SOPAS Y CALDOS,Sopas,MAGGI,500,Sopa 6
20765,FOODS,SOPAS Y CALDOS,Sopas,MAGGI,5,Sopa 6 light
20597,FOODS,SOPAS Y CALDOS,Sopas,MAGGI,5,Sopa 7
20428,FOODS,SOPAS Y CALDOS,Sopas,MAGGI,5,Sopa 8
21030,FOODS,SOPAS Y CALDOS,Sopas,MAGGI,10,Sopa 8
20490,FOODS,SOPAS Y CALDOS,Sopas,MAGGI,5,Sopa 9
21046,FOODS,SOPAS Y CALDOS,Sopas,MAGGI,10,Sopa 9
21160,FOODS,SOPAS Y CALDOS,Sopas,MAGGI,5,Sopa Choclo
21120,FOODS,SOPAS Y CALDOS,Sopas,MAGGI,10,Sopa Choclo
20429,FOODS,SOPAS Y CALDOS,Sopas,MAGGI,10,Sopa Crema 1
20449,FOODS,SOPAS Y CALDOS,Sopas,MAGGI,10,Sopa Crema 10
21113,FOODS,SOPAS Y CALDOS,Sopas,MAGGI,10,Sopa Crema 2
21182,FOODS,SOPAS Y CALDOS,Sopas,MAGGI,10,Sopa Crema 3
20416,FOODS,SOPAS Y CALDOS,Sopas,MAGGI,10,Sopa Crema 4
21122,FOODS,SOPAS Y CALDOS,Sopas,MAGGI,10,Sopa Crema 5
20601,FOODS,SOPAS Y CALDOS,Sopas,MAGGI,10,Sopa Crema 6
20586,FOODS,SOPAS Y CALDOS,Sopas,MAGGI,10,Sopa Crema 7
20685,FOODS,SOPAS Y CALDOS,Sopas,MAGGI,10,Sopa Crema 8
20422,FOODS,SOPAS Y CALDOS,Sopas,MAGGI,10,Sopa Crema 9
20305,FOODS,SOPAS Y CALDOS,Sopas,MAGGI,10,Sopa fideos
20302,FOODS,SOPAS Y CALDOS,Sopas,MAGGI,10,Sopa fideos y vegetales
20265,FOODS,SOPAS Y CALDOS,Sopas,MAGGI,10,Sopa vegetales
20678,FOODS,SOPAS Y CALDOS,Sopas,MAGGI,5,Sope 25
20350,FOODS,SOPAS Y CALDOS,Sopas,MAGGI,10,Sopla 22
20027,HC,HOGAR,Antigrasa,MUSCULO,450,Biodegradable
20246,HC,HOGAR,Antigrasa,MUSCULO,500,Biodegradable
20068,HC,HOGAR,Antigrasa,MUSCULO,900,Biodegradable
20308,HC,HOGAR,Antigrasa,MUSCULO,450,Poderoso Cocina
20842,HC,HOGAR,Baño,AYUDIN,750,Arrasa con Todo
20491,HC,HOGAR,Baño,AYUDIN,450,Dpyáck
20757,HC,HOGAR,Baño,AYUDIN,500,Gatillo
20281,HC,HOGAR,Baño,MUSCULO,450,Antigenos 2 en 1 doypack
20653,HC,HOGAR,Baño,MUSCULO,500,Antigenos 2 en 1 gatillo
20076,HC,HOGAR,Baño,MUSCULO,450,Baño Biodegradable
20357,HC,HOGAR,Baño,MUSCULO,500,Baño Biodegradable
20137,HC,HOGAR,Baño,MUSCULO,900,Baño Biodegradable
20253,HC,HOGAR,Baño,MUSCULO,450,Clorado
20366,HC,HOGAR,Baño,MUSCULO,450,Poderoso Baño
20209,HC,HOGAR,Cremoso,MUSCULO,375,Crema Ultra Blanco
20114,HC,HOGAR,Cremoso,MUSCULO,750,Crema Ultra Blanco
20312,HC,HOGAR,Cremoso,MUSCULO,375,Crema Ultra Higiene
21095,HC,HOGAR,Cremoso,MUSCULO,150,Microesferas
20166,HC,HOGAR,Cremoso,MUSCULO,375,Multiuso Limon
20065,HC,HOGAR,Cremoso,MUSCULO,750,Multiuso Limon
20057,HC,HOGAR,Cremoso,MUSCULO,375,Multiuso Original
20013,HC,HOGAR,Cremoso,MUSCULO,750,Multiuso Original
20205,HC,HOGAR,Cremoso,MUSCULO,375,Naranjo en Flor
20092,HC,HOGAR,Cremoso,MUSCULO,750,Naranjo en Flor
20163,HC,HOGAR,Cremoso,MUSCULO,750,Ultra Limpio
21212,HC,HOGAR,Esponja,MUSCULO,1,Premium
21184,HC,HOGAR,Esponja,MUSCULO,1,Regular
21155,HC,HOGAR,Esponja,MUSCULO,1,Salva Uñas
20785,HC,HOGAR,Gel,MUSCULO,250,Fresias
20593,HC,HOGAR,Gel,MUSCULO,500,Fresias
20681,HC,HOGAR,Gel,MUSCULO,250,Gel 3 en 1
20510,HC,HOGAR,Gel,MUSCULO,500,Gel 3 en 1
20160,HC,HOGAR,Gel,MUSCULO,500,Limpia Facil
20293,HC,HOGAR,Gel,MUSCULO,500,Limpia Super Facil
20171,HC,HOGAR,LAVANDINA EN GEL,AYUDIN,700,Flores
20062,HC,HOGAR,LAVANDINA EN GEL,AYUDIN,700,Formula Original
20117,HC,HOGAR,LAVANDINA EN GEL,AYUDIN,700,Menta
20138,HC,HOGAR,LAVANDINA EN GEL,AYUDIN,700,Naranja
20889,HC,HOGAR,Lustramuebles,MUSCULO,375,Anti Polvo
20834,HC,HOGAR,Lustramuebles,MUSCULO,400,Anti Polvo
20341,HC,HOGAR,PISOS,MUSCULO,750,Dos en 1 menta
21203,HC,HOGAR,PISOS,MUSCULO,15,Flores Silvestres
20319,HC,HOGAR,PISOS,MUSCULO,450,Menta
20415,HC,HOGAR,PISOS,MUSCULO,750,Menta
20197,HC,HOGAR,PISOS,MUSCULO,750,Moléculas de Oxigeno
20447,HC,HOGAR,PISOS,MUSCULO,450,Naraja
20508,HC,HOGAR,PISOS,MUSCULO,750,Naraja
20763,HC,HOGAR,PISOS,MUSCULO,450,Pera
20836,HC,HOGAR,PISOS,MUSCULO,750,Pera
20390,HC,HOGAR,PISOS,MUSCULO,450,Rosas
20478,HC,HOGAR,PISOS,MUSCULO,750,Rosas
20206,HC,HOGAR,PISOS,MUSCULO,2000,burbujas de ofigeno
20201,HC,HOGAR,PISOS,MUSCULO,750,piso plastificado
20254,HC,HOGAR,PISOS,MUSCULO,450,piso plastificado doypack
21180,HC,HOGAR,Paño,MUSCULO,1,Antibacterial
20941,HC,HOGAR,Paño,MUSCULO,1,Multiuso 1
20803,HC,HOGAR,Paño,MUSCULO,3,Multiuso 3
21167,HC,HOGAR,Paño,MUSCULO,1,Multiuso Antibacterial
21195,HC,HOGAR,Paño,MUSCULO,1,Multiuso Baño
21048,HC,HOGAR,Paño,MUSCULO,1,paño tradicional
20741,HC,HOGAR,Repelente,OFF,165,Sabor 1
20657,HC,HOGAR,Repelente,OFF,165,Sabor 2
20996,HC,HOGAR,TOILETTE,AYUDIN,30,Antartida
21073,HC,HOGAR,TOILETTE,AYUDIN,35,Antartida
21044,HC,HOGAR,TOILETTE,AYUDIN,100,Antartida
20877,HC,HOGAR,TOILETTE,AYUDIN,35,Bosques
21033,HC,HOGAR,TOILETTE,AYUDIN,55,Bosques
20239,HC,HOGAR,TOILETTE,AYUDIN,300,Formula Original
21003,HC,HOGAR,TOILETTE,AYUDIN,30,Limón
20750,HC,HOGAR,TOILETTE,AYUDIN,55,Limón
21042,HC,HOGAR,TOILETTE,AYUDIN,100,Limón
20421,HC,HOGAR,TOILETTE,AYUDIN,300,Menta
20855,HC,HOGAR,TOILETTE,AYUDIN,35,Naranja 4 en 1
20053,HC,HOGAR,Vidrios,MUSCULO,450,BioEnergético doypack
20129,HC,HOGAR,Vidrios,MUSCULO,900,BioEnergético doypack
20219,HC,HOGAR,Vidrios,MUSCULO,500,BioEnergético gatillo
20543,HC,HOGAR,Vidrios,MUSCULO,500,Vidrios Repuesto
21018,HC,PROFESIONAL,ACONDICIONADOR,FRANCIA,5000,Sabor1
21017,HC,PROFESIONAL,Alcohol en Gel,DEOS1,5000,Alcohol en Gel SIN perfume
20395,HC,PROFESIONAL,Antigrasa,MUSCULO,5000,Biodegradable
20604,HC,PROFESIONAL,Baño,MUSCULO,5000,Baño Biodegradable
20916,HC,PROFESIONAL,Cloro,MUSCULO,5000,Cloro
20313,HC,PROFESIONAL,Cremoso,MUSCULO,3000,Regular
20479,HC,PROFESIONAL,Gel,MUSCULO,2000,Blanqueador
20886,HC,PROFESIONAL,Gel,MUSCULO,5000,Industrial 5L
21211,HC,PROFESIONAL,INDUSTRIAL,ARIEL,2000,Industrial Cocentrado
20191,HC,PROFESIONAL,INDUSTRIAL,ARIEL,10000,baja espuma
20515,HC,PROFESIONAL,INDUSTRIAL,ARIEL,5000,baja espuma regular
20958,HC,PROFESIONAL,INDUSTRIAL,ARIEL,4500,industrial
20895,HC,PROFESIONAL,INDUSTRIAL,ARIEL,7500,industrial
20262,HC,PROFESIONAL,INDUSTRIAL,ROPEX1,5000,Industrial baja espuma
20203,HC,PROFESIONAL,INDUSTRIAL,ROPEX1,10000,Maquina Polvo Baja Espuma Industrial
20993,HC,PROFESIONAL,JABON LIQUIDO,FRANCIA,5000,Sabor2
20764,HC,PROFESIONAL,JABON LIQUIDO,FRANCIA,5000,Sabor3
20928,HC,PROFESIONAL,Jabon Hotel,JABON1,15,Hotel
21121,HC,PROFESIONAL,LAVAVAJILLA ULTRA,INDUSTRIAL,5000,Neutro Industrial
20792,HC,PROFESIONAL,LV ROPA LIQUIDO,INDUSTRIAL,5000,Ropa Blanca Industrial
21000,HC,PROFESIONAL,LV ROPA POLVO,INDUSTRIAL,10,Jabon Polvo 10 Kg
20770,HC,PROFESIONAL,LV ROPA POLVO,INDUSTRIAL,25,Jabon Polvo 25 Kg
20487,HC,PROFESIONAL,Liquido,LIMPIEX,5000,Baja Espuma
20576,HC,PROFESIONAL,Opaco,LIMPIEX,5000,Profesioinal Limon
21101,HC,PROFESIONAL,PISOS,INDUSTRIAL,5000,Cerezas Industrial
20953,HC,PROFESIONAL,PISOS,MUSCULO,5000,Profesinoal pisos plastificados
20845,HC,PROFESIONAL,PISOS,MUSCULO,5000,Profesional menta
20164,HC,PROFESIONAL,Polvo,LIMPIEX,10000,Profesional baja espuma
20992,HC,PROFESIONAL,SHAMPOO,FRANCIA,5000,Sabor1
20218,HC,PROFESIONAL,SUAVIZANTE,DOWNY,5000,Sabor 14
20854,HC,PROFESIONAL,SUAVIZANTE,INDUSTRIAL,5000,Suavizante
20513,HC,PROFESIONAL,SUAVIZANTE,VIVERE,5000,Profesinoal Clasico
21216,HC,PROFESIONAL,SUAVIZANTE,VIVERE,2000,Suvizanante antibacterial
20638,HC,PROFESIONAL,Vidrios,MUSCULO,5000,BioEnergético Industrial
20530,HC,ROPA ACONDICIONADOR,ACONDICIONADOR,DOWNY,450,Sabor 1
20520,HC,ROPA ACONDICIONADOR,ACONDICIONADOR,DOWNY,1000,Sabor 1
20243,HC,ROPA ACONDICIONADOR,ACONDICIONADOR,DOWNY,2000,Sabor 10
20088,HC,ROPA ACONDICIONADOR,ACONDICIONADOR,DOWNY,4000,Sabor 10
20221,HC,ROPA ACONDICIONADOR,ACONDICIONADOR,DOWNY,4000,Sabor 11
20007,HC,ROPA ACONDICIONADOR,ACONDICIONADOR,DOWNY,900,Sabor 13
20014,HC,ROPA ACONDICIONADOR,ACONDICIONADOR,DOWNY,3000,Sabor 13
20012,HC,ROPA ACONDICIONADOR,ACONDICIONADOR,DOWNY,800,Sabor 15
20426,HC,ROPA ACONDICIONADOR,ACONDICIONADOR,DOWNY,450,Sabor 2
20358,HC,ROPA ACONDICIONADOR,ACONDICIONADOR,DOWNY,1000,Sabor 2
20733,HC,ROPA ACONDICIONADOR,ACONDICIONADOR,DOWNY,1000,Sabor 2
21158,HC,ROPA ACONDICIONADOR,ACONDICIONADOR,DOWNY,450,Sabor 3
20087,HC,ROPA ACONDICIONADOR,ACONDICIONADOR,DOWNY,900,Sabor 7
20051,HC,ROPA ACONDICIONADOR,ACONDICIONADOR,DOWNY,900,Sabor 8
20049,HC,ROPA ACONDICIONADOR,ACONDICIONADOR,DOWNY,3000,Sabor 8
20074,HC,ROPA ACONDICIONADOR,ACONDICIONADOR,DOWNY,900,Sabor 9
20724,HC,ROPA ACONDICIONADOR,Concentrado,VIVERE,450,Cuidado Celestial
20588,HC,ROPA ACONDICIONADOR,Concentrado,VIVERE,1000,Cuidado Celestial
20705,HC,ROPA ACONDICIONADOR,Concentrado,VIVERE,450,Elegancia suprema
20978,HC,ROPA ACONDICIONADOR,Concentrado,VIVERE,450,Esencia de mar
20737,HC,ROPA ACONDICIONADOR,Concentrado,VIVERE,1000,Intenso Botella
20881,HC,ROPA ACONDICIONADOR,Concentrado,VIVERE,1000,Intenso Botella
20473,HC,ROPA ACONDICIONADOR,Concentrado,VIVERE,450,Intenso Doypack
20304,HC,ROPA ACONDICIONADOR,Concentrado,VIVERE,1000,Intenso Doypack
20666,HC,ROPA ACONDICIONADOR,Concentrado,VIVERE,1000,Lujo asiatico
20752,HC,ROPA ACONDICIONADOR,Concentrado,VIVERE,1000,Perfume intenso
20172,HC,ROPA ACONDICIONADOR,Diluido,ROPEX2,800,Regular
20260,HC,ROPA ACONDICIONADOR,Diluido,ROPEX2,4000,Regular
20190,HC,ROPA ACONDICIONADOR,Diluido,VIVERE,4000,Duluido clasico
20055,HC,ROPA ACONDICIONADOR,Diluido,VIVERE,900,Regular
20371,HC,ROPA ACONDICIONADOR,Diluido,VIVERE,2000,Regular
20056,HC,ROPA ACONDICIONADOR,Diluido,VIVERE,3000,Regular clasico
20217,HC,ROPA ACONDICIONADOR,Diluido,VIVERE,900,Regular concentrado
20919,HC,ROPA LAVADO,Liquido,ARIEL,1000,Capsulas
20427,HC,ROPA LAVADO,Liquido,ARIEL,800,Regular
20370,HC,ROPA LAVADO,Liquido,ARIEL,4000,Regular
20635,HC,ROPA LAVADO,Liquido,ARIEL,450,Ropa delicada
20897,HC,ROPA LAVADO,Liquido,ARIEL,500,Vainilla
20378,HC,ROPA LAVADO,Liquido,ARIEL,800,con suavizante
20135,HC,ROPA LAVADO,Liquido,ARIEL,3000,con suavizante
20413,HC,ROPA LAVADO,Liquido,ARIEL,1000,concentrado
20780,HC,ROPA LAVADO,Liquido,ARIEL,1000,concentrado
20098,HC,ROPA LAVADO,Liquido,ARIEL,1500,diluido
20261,HC,ROPA LAVADO,Liquido,ARIEL,400,genoma
20045,HC,ROPA LAVADO,Liquido,ARIEL,800,genoma
20150,HC,ROPA LAVADO,Liquido,ARIEL,1400,genoma
20001,HC,ROPA LAVADO,Liquido,ARIEL,3000,genoma
20102,HC,ROPA LAVADO,Liquido,ARIEL,3000,genoma
20753,HC,ROPA LAVADO,Liquido,ARIEL,500,para diluir
20682,HC,ROPA LAVADO,Liquido,ARIEL,800,ropa blanca
20611,HC,ROPA LAVADO,Liquido,ARIEL,800,ropa negra
20445,HC,ROPA LAVADO,Liquido,ARIEL,800,seda delicada
20805,HC,ROPA LAVADO,Liquido,ARIEL,1000,seda delicada
21052,HC,ROPA LAVADO,Liquido,LIMPIEX,2,Baja Espuma
20174,HC,ROPA LAVADO,Liquido,LIMPIEX,400,Baja Espuma
20126,HC,ROPA LAVADO,Liquido,LIMPIEX,1400,Baja Espuma
20085,HC,ROPA LAVADO,Liquido,LIMPIEX,3000,Biotema
20740,HC,ROPA LAVADO,Liquido,LIMPIEX,500,Diluir Heave Duty
20493,HC,ROPA LAVADO,Liquido,LIMPIEX,400,Mahcnas Prelavado ropa color
20731,HC,ROPA LAVADO,Liquido,LIMPIEX,400,Manchas Ropa Blanca
20439,HC,ROPA LAVADO,Liquido,LIMPIEX,400,Manchas Ropa Color
20026,HC,ROPA LAVADO,Liquido,LIMPIEX,800,Maquina 1er lavado
20110,HC,ROPA LAVADO,Liquido,LIMPIEX,1500,Maquina 1er lavado
20373,HC,ROPA LAVADO,Liquido,LIMPIEX,1500,Maquina 1er lavado
20002,HC,ROPA LAVADO,Liquido,LIMPIEX,3000,Maquina 1er lavado
20168,HC,ROPA LAVADO,Liquido,LIMPIEX,3000,Maquina 1er lavado
20332,HC,ROPA LAVADO,Liquido,LIMPIEX,120,Ropa Fina Regular
20180,HC,ROPA LAVADO,Liquido,LIMPIEX,450,Ropa Fina Regular
20280,HC,ROPA LAVADO,Liquido,LIMPIEX,900,Ropa Fina Regular
20222,HC,ROPA LAVADO,Liquido,LIMPIEX,450,Ropa fina Maquina
20288,HC,ROPA LAVADO,Liquido,LIMPIEX,900,Ropa fina Maquina
20507,HC,ROPA LAVADO,Liquido,LIMPIEX,450,Ropa fina Oscura
20582,HC,ROPA LAVADO,Liquido,LIMPIEX,900,Ropa fina Oscura
20333,HC,ROPA LAVADO,Liquido,ROPEX1,1500,Lisana
20104,HC,ROPA LAVADO,Liquido,ROPEX1,3000,Lisana
20015,HC,ROPA LAVADO,Liquido,ROPEX1,800,Maquina Rosas
20236,HC,ROPA LAVADO,Liquido,ROPEX1,400,Rosas
20247,HC,ROPA LAVADO,Liquido,ROPEX1,1500,Rosas
20009,HC,ROPA LAVADO,Liquido,ROPEX1,3000,Rosas
20151,HC,ROPA LAVADO,Liquido,ROPEX1,3000,Rosas
20089,HC,ROPA LAVADO,Liquido,ROPEX2,800,Regular
20210,HC,ROPA LAVADO,Liquido,ROPEX2,800,Regular
20032,HC,ROPA LAVADO,Liquido,ROPEX2,3000,Regular
20127,HC,ROPA LAVADO,Liquido,ROPEX2,3000,Regular
20149,HC,ROPA LAVADO,Liquido,ROPEX2,4000,Regular
20036,HC,ROPA LAVADO,Polvo,ARIEL,5000,Intelligent Clean
20195,HC,ROPA LAVADO,Polvo,ARIEL,400,bioenzimas
20060,HC,ROPA LAVADO,Polvo,ARIEL,800,bioenzimas
20147,HC,ROPA LAVADO,Polvo,ARIEL,1500,bioenzimas
20034,HC,ROPA LAVADO,Polvo,ARIEL,3000,bioenzimas
20691,HC,ROPA LAVADO,Polvo,ARIEL,475,future concentrado
20626,HC,ROPA LAVADO,Polvo,ARIEL,3000,future concentrado
20649,HC,ROPA LAVADO,Polvo,ARIEL,475,genoma
20557,HC,ROPA LAVADO,Polvo,ARIEL,900,genoma
20562,HC,ROPA LAVADO,Polvo,ARIEL,1800,genoma
20468,HC,ROPA LAVADO,Polvo,ARIEL,3000,genoma
20279,HC,ROPA LAVADO,Polvo,ARIEL,600,maquina genoma
20204,HC,ROPA LAVADO,Polvo,ARIEL,2500,maquina genoma
20363,HC,ROPA LAVADO,Polvo,ARIEL,800,ropa blanca
20472,HC,ROPA LAVADO,Polvo,ARIEL,800,ropa negra
20041,HC,ROPA LAVADO,Polvo,LIMPIEX,400,"Con suavizante, formula original"
20050,HC,ROPA LAVADO,Polvo,LIMPIEX,800,"Con suavizante, formula original"
20814,HC,ROPA LAVADO,Polvo,LIMPIEX,420,Manchas Ropa Color
20010,HC,ROPA LAVADO,Polvo,LIMPIEX,400,Mano con suavizante
20022,HC,ROPA LAVADO,Polvo,LIMPIEX,800,Mano con suavizante
20025,HC,ROPA LAVADO,Polvo,LIMPIEX,3000,Mano con suavizante
20035,HC,ROPA LAVADO,Polvo,LIMPIEX,400,Maquina Sunny con suavizante
20031,HC,ROPA LAVADO,Polvo,LIMPIEX,800,Maquina Sunny con suavizante
20016,HC,ROPA LAVADO,Polvo,LIMPIEX,3000,Maquina Sunny con suavizante
20021,HC,ROPA LAVADO,Polvo,LIMPIEX,400,Maquina con suavizante
20020,HC,ROPA LAVADO,Polvo,LIMPIEX,800,Maquina con suavizante
20011,HC,ROPA LAVADO,Polvo,LIMPIEX,3000,Maquina con suavizante
20030,HC,ROPA LAVADO,Polvo,LIMPIEX,5000,Maquina con suavizante
20156,HC,ROPA LAVADO,Polvo,LIMPIEX,1500,Multiaccion Acelerador
20043,HC,ROPA LAVADO,Polvo,LIMPIEX,800,Máquina Formula Original
20024,HC,ROPA LAVADO,Polvo,LIMPIEX,3000,Máquina Formula Original
20455,HC,ROPA LAVADO,Polvo,LIMPIEX,800,Máquina Progresivo
20498,HC,ROPA LAVADO,Polvo,LIMPIEX,3000,Máquina Progresivo
20091,HC,ROPA LAVADO,Polvo,ROPEX1,400,Maquina Polvo Blancos
20067,HC,ROPA LAVADO,Polvo,ROPEX1,800,Maquina Polvo Blancos
20141,HC,ROPA LAVADO,Polvo,ROPEX1,800,Maquina Polvo Magico
20069,HC,ROPA LAVADO,Polvo,ROPEX1,400,Maquina Polvo Rosas
20038,HC,ROPA LAVADO,Polvo,ROPEX1,800,Maquina Polvo Rosas
20028,HC,ROPA LAVADO,Polvo,ROPEX1,3000,Maquina Polvo Rosas
20064,HC,ROPA LAVADO,Polvo,ROPEX1,5000,Maquina Polvo Rosas
20113,HC,ROPA LAVADO,Polvo,ROPEX1,400,Polvo Blancos
20115,HC,ROPA LAVADO,Polvo,ROPEX1,800,Polvo Blancos
20083,HC,ROPA LAVADO,Polvo,ROPEX1,3000,Polvo Magico
20071,HC,ROPA LAVADO,Polvo,ROPEX1,400,Polvo Rosas
20066,HC,ROPA LAVADO,Polvo,ROPEX1,800,Polvo Rosas
20072,HC,ROPA LAVADO,Polvo,ROPEX1,3000,Polvo Rosas
20128,HC,ROPA LAVADO,Polvo,ROPEX2,5000,Regular
20039,HC,ROPA MANCHAS,Ladrillo,LIMPIEX,200,Multiaccion
20082,HC,ROPA MANCHAS,Ladrillo,LIMPIEX,200,Multiaccion
20816,HC,VAJILLA,Cremoso,MUSCULO,300,Platos y Sartenes
20524,HC,VAJILLA,Cristalino,Importado,500,Abrillantador
20311,HC,VAJILLA,Cristalino,Importado,1000,Abrillantador
20652,HC,VAJILLA,Cristalino,Importado,16,Tabletas
20040,HC,VAJILLA,Cristalino,LIMPIEX,750,Cristalino Lavanda
20178,HC,VAJILLA,Cristalino,LIMPIEX,4000,Cristalino Limón
20029,HC,VAJILLA,Cristalino,LIMPIEX,750,Cristalino Naranja
20018,HC,VAJILLA,Cristalino,LIMPIEX,750,Desengrasante cristal Aloe Vera
20006,HC,VAJILLA,Cristalino,LIMPIEX,750,Desengrasante cristal Limon
20109,HC,VAJILLA,Cristalino,LIMPIEX,750,Desengrasante cristal Limon
20148,HC,VAJILLA,Cristalino,LIMPIEX,300,Lima
20162,HC,VAJILLA,Cristalino,LIMPIEX,500,Lima
20620,HC,VAJILLA,Cristalino,LIMPIEX,750,Limon
20442,HC,VAJILLA,Cristalino,LIMPIEX,300,Ultra Lago
20548,HC,VAJILLA,Cristalino,LIMPIEX,500,Ultra Lago
20286,HC,VAJILLA,Cristalino,LIMPIEX,450,Ultra Limon
20412,HC,VAJILLA,Gel,MUSCULO,300,Active Gel Aloe Vera
20374,HC,VAJILLA,Gel,MUSCULO,500,Active Gel Aloe Vera
20564,HC,VAJILLA,Gel,MUSCULO,750,Active Gel Aloe Vera
20477,HC,VAJILLA,Gel,MUSCULO,300,Active Gel Antibacterial
20408,HC,VAJILLA,Gel,MUSCULO,500,Active Gel Antibacterial
20712,HC,VAJILLA,Gel,MUSCULO,750,Active Gel Antibacterial
20144,HC,VAJILLA,Gel,MUSCULO,300,Active Gel Citrica
20124,HC,VAJILLA,Gel,MUSCULO,500,Active Gel Citrica
20070,HC,VAJILLA,Gel,MUSCULO,300,Active Gel Limon
20112,HC,VAJILLA,Gel,MUSCULO,450,Active Gel Limon
20042,HC,VAJILLA,Gel,MUSCULO,500,Active Gel Limon
20202,HC,VAJILLA,Gel,MUSCULO,750,Active Gel Limon
20165,HC,VAJILLA,Gel,MUSCULO,900,Active Gel Limon
20103,HC,VAJILLA,Gel,MUSCULO,300,Active Gel Limon Verde
20073,HC,VAJILLA,Gel,MUSCULO,450,Active Gel Limon Verde
20063,HC,VAJILLA,Gel,MUSCULO,500,Active Gel Limon Verde
20183,HC,VAJILLA,Gel,MUSCULO,750,Active Gel Limon Verde
20185,HC,VAJILLA,Gel,MUSCULO,900,Active Gel Limon Verde
20485,HC,VAJILLA,Gel,MUSCULO,300,Active Gel Pepino
20376,HC,VAJILLA,Gel,MUSCULO,500,Active Gel Pepino
20595,HC,VAJILLA,Gel,MUSCULO,750,Active Gel Pepino
20196,HC,VAJILLA,Opaco,Importado,1000,Polvo
20388,HC,VAJILLA,Opaco,Importado,1000,Polvo Maquina
20017,HC,VAJILLA,Opaco,LIMPIEX,750,Desengrasante crema colageno
20008,HC,VAJILLA,Opaco,LIMPIEX,750,Desengrasante crema glicerina
20097,HC,VAJILLA,Opaco,LIMPIEX,1250,Glicerina Crema
20099,HC,VAJILLA,Opaco,LIMPIEX,4000,Glicerina Crema
20345,HC,VAJILLA,Opaco,LIMPIEX,300,Menta
20546,HC,VAJILLA,Opaco,LIMPIEX,500,Menta
20233,HC,VAJILLA,Opaco,LIMPIEX,300,Ultra Glicerina
20361,HC,VAJILLA,Opaco,LIMPIEX,500,Ultra Glicerina
20824,PC,CABELLO,ACONDICIONADOR,CAPILATIS,400,Brillo
20893,PC,CABELLO,ACONDICIONADOR,CAPILATIS,400,Caída
21079,PC,CABELLO,ACONDICIONADOR,CAPILATIS,200,Desintoxicante uso diario
20769,PC,CABELLO,ACONDICIONADOR,NIVEA,400,Caida
20943,PC,CABELLO,ACONDICIONADOR,NIVEA,200,Fuerza
20610,PC,CABELLO,ACONDICIONADOR,NIVEA,400,liso
20340,PC,CABELLO,ACONDICIONADOR,NIVEA,180,reconstruccion
20598,PC,CABELLO,ACONDICIONADOR,NIVEA,200,reparacion
20722,PC,CABELLO,ACONDICIONADOR,SHAMPOO1,400,Acondicionado 7
20726,PC,CABELLO,ACONDICIONADOR,SHAMPOO1,750,Acondicionado 7
20474,PC,CABELLO,ACONDICIONADOR,SHAMPOO1,400,Acondicionador 1
20480,PC,CABELLO,ACONDICIONADOR,SHAMPOO1,750,Acondicionador 1
20669,PC,CABELLO,ACONDICIONADOR,SHAMPOO1,200,Acondicionador 10
20794,PC,CABELLO,ACONDICIONADOR,SHAMPOO1,200,Acondicionador 11
20589,PC,CABELLO,ACONDICIONADOR,SHAMPOO1,400,Acondicionador 11
20872,PC,CABELLO,ACONDICIONADOR,SHAMPOO1,400,Acondicionador 12
20602,PC,CABELLO,ACONDICIONADOR,SHAMPOO1,200,Acondicionador 13
21059,PC,CABELLO,ACONDICIONADOR,SHAMPOO1,750,Acondicionador 14
20771,PC,CABELLO,ACONDICIONADOR,SHAMPOO1,200,Acondicionador 3
20677,PC,CABELLO,ACONDICIONADOR,SHAMPOO1,200,Acondicionador 4
20438,PC,CABELLO,ACONDICIONADOR,SHAMPOO1,400,Acondicionador 4
20443,PC,CABELLO,ACONDICIONADOR,SHAMPOO1,750,Acondicionador 4
20381,PC,CABELLO,ACONDICIONADOR,SHAMPOO1,400,Acondicionador 5
20372,PC,CABELLO,ACONDICIONADOR,SHAMPOO1,750,Acondicionador 5
21012,PC,CABELLO,ACONDICIONADOR,SHAMPOO2,930,Keratina lacios
20551,PC,CABELLO,ACONDICIONADOR,SHAMPOO2,350,Manzana
20159,PC,CABELLO,ACONDICIONADOR,SHAMPOO2,930,Manzana
20170,PC,CABELLO,ACONDICIONADOR,SHAMPOO2,930,Palta
20648,PC,CABELLO,ACONDICIONADOR,SHAMPOO2,300,Vainilla
20059,PC,CABELLO,ACONDICIONADOR,SHAMPOO2,930,Vainilla
20630,PC,CABELLO,ACONDICIONADOR,SHAMPOO2,300,abejas
20061,PC,CABELLO,ACONDICIONADOR,SHAMPOO2,930,abejas
20257,PC,CABELLO,ACONDICIONADOR,SHAMPOO2,930,aloe
20154,PC,CABELLO,ACONDICIONADOR,SHAMPOO2,930,aloe y te verde
21072,PC,CABELLO,ACONDICIONADOR,SHAMPOO2,930,ceramidas
20094,PC,CABELLO,ACONDICIONADOR,SHAMPOO2,930,jazmines
20223,PC,CABELLO,ACONDICIONADOR,SHAMPOO2,930,jengibre
20080,PC,CABELLO,ACONDICIONADOR,SHAMPOO2,930,pera
20403,PC,CABELLO,ACONDICIONADOR,SHAMPOO3,200,Bomba 1
20436,PC,CABELLO,ACONDICIONADOR,SHAMPOO3,300,Bomba 1
20306,PC,CABELLO,ACONDICIONADOR,SHAMPOO3,350,Bomba 1
20348,PC,CABELLO,ACONDICIONADOR,SHAMPOO3,650,Bomba 1
20603,PC,CABELLO,ACONDICIONADOR,SHAMPOO3,200,Bomba 2
20537,PC,CABELLO,ACONDICIONADOR,SHAMPOO3,350,Bomba 2
20633,PC,CABELLO,ACONDICIONADOR,SHAMPOO3,650,Bomba 2
20822,PC,CABELLO,ACONDICIONADOR,SHAMPOO3,200,Bomba 3
20746,PC,CABELLO,ACONDICIONADOR,SHAMPOO3,350,Bomba 3
20795,PC,CABELLO,ACONDICIONADOR,SHAMPOO3,650,Bomba 3
20324,PC,CABELLO,ACONDICIONADOR,SHAMPOO3,200,Bomba 5
20291,PC,CABELLO,ACONDICIONADOR,SHAMPOO3,650,Bomba 5
20364,PC,CABELLO,ACONDICIONADOR,SHAMPOO3,300,Bomba 6
21093,PC,CABELLO,ACONDICIONADOR,SHAMPOO3,170,Brillo Radiante
20467,PC,CABELLO,ACONDICIONADOR,SHAMPOO3,200,Cremiento Acelerado
20420,PC,CABELLO,ACONDICIONADOR,SHAMPOO3,350,Cremiento Acelerado
20446,PC,CABELLO,ACONDICIONADOR,SHAMPOO3,650,Cremiento Acelerado
20528,PC,CABELLO,ACONDICIONADOR,SHAMPOO3,200,Desintoxicante
20499,PC,CABELLO,ACONDICIONADOR,SHAMPOO3,350,Desintoxicante
20516,PC,CABELLO,ACONDICIONADOR,SHAMPOO3,650,Desintoxicante
20303,PC,CABELLO,ACONDICIONADOR,SHAMPOO3,10,PH balanceado
20187,PC,CABELLO,ACONDICIONADOR,SHAMPOO3,200,PH balanceado
20145,PC,CABELLO,ACONDICIONADOR,SHAMPOO3,300,PH balanceado
20198,PC,CABELLO,ACONDICIONADOR,SHAMPOO3,650,PH balanceado
20167,PC,CABELLO,ACONDICIONADOR,SHAMPOO3,300,Restauracion Raiz
20707,PC,CABELLO,ACONDICIONADOR,SHAMPOO3,650,Restauracion Raiz
20623,PC,CABELLO,ACONDICIONADOR,SHAMPOO3,350,Sabor 8
20230,PC,CABELLO,ACONDICIONADOR,SHAMPOO3,350,Sabor 9
20511,PC,CABELLO,ACONDICIONADOR,SHAMPOO3,200,abejas
20461,PC,CABELLO,ACONDICIONADOR,SHAMPOO3,350,abejas
20492,PC,CABELLO,ACONDICIONADOR,SHAMPOO3,650,abejas
21127,PC,CABELLO,ACONDICIONADOR,SHAMPOO3,200,aloe vera
21103,PC,CABELLO,ACONDICIONADOR,SHAMPOO3,350,aloe vera
21123,PC,CABELLO,ACONDICIONADOR,SHAMPOO3,650,aloe vera
20184,PC,CABELLO,ACONDICIONADOR,SHAMPOO3,350,balance perfecto
20643,PC,CABELLO,ACONDICIONADOR,SHAMPOO3,650,balance perfecto
21086,PC,CABELLO,ACONDICIONADOR,SHAMPOO3,170,boba argan
20282,PC,CABELLO,ACONDICIONADOR,SHAMPOO3,10,ceramidas
20188,PC,CABELLO,ACONDICIONADOR,SHAMPOO3,200,ceramidas
20155,PC,CABELLO,ACONDICIONADOR,SHAMPOO3,300,ceramidas
20193,PC,CABELLO,ACONDICIONADOR,SHAMPOO3,350,ceramidas
20215,PC,CABELLO,ACONDICIONADOR,SHAMPOO3,650,ceramidas
20634,PC,CABELLO,ACONDICIONADOR,SHAMPOO3,650,ceramidas
21186,PC,CABELLO,ACONDICIONADOR,SHAMPOO3,930,ceramidas
21102,PC,CABELLO,ACONDICIONADOR,SHAMPOO3,170,hidratacion
21105,PC,CABELLO,ACONDICIONADOR,SHAMPOO3,170,hidratacion
20540,PC,CABELLO,ACONDICIONADOR,SHAMPOO3,200,hidroesferas
20527,PC,CABELLO,ACONDICIONADOR,SHAMPOO3,350,hidroesferas
20553,PC,CABELLO,ACONDICIONADOR,SHAMPOO3,650,hidroesferas
20284,PC,CABELLO,ACONDICIONADOR,SHAMPOO3,200,liso total
20251,PC,CABELLO,ACONDICIONADOR,SHAMPOO3,350,liso total
20269,PC,CABELLO,ACONDICIONADOR,SHAMPOO3,650,liso total
20450,PC,CABELLO,ACONDICIONADOR,SHAMPOO3,10,restauracion
20292,PC,CABELLO,ACONDICIONADOR,SHAMPOO3,200,restauracion
20226,PC,CABELLO,ACONDICIONADOR,SHAMPOO3,350,restauracion
20252,PC,CABELLO,ACONDICIONADOR,SHAMPOO3,650,restauracion
20338,PC,CABELLO,ACONDICIONADOR,SHAMPOO3,200,rulos vitales
20327,PC,CABELLO,ACONDICIONADOR,SHAMPOO3,350,rulos vitales
20383,PC,CABELLO,ACONDICIONADOR,SHAMPOO3,650,rulos vitales
21261,PC,CABELLO,ACONDICIONADOR,VICHY,250,Sabor 1
21246,PC,CABELLO,ACONDICIONADOR,VICHY,250,Sabor 2
21262,PC,CABELLO,ACONDICIONADOR,VICHY,250,Sabor 3
21256,PC,CABELLO,ACONDICIONADOR,VICHY,250,Sabor 4
20783,PC,CABELLO,Acond Bebe,NIVEA,200,Acondicinador Bebe
20876,PC,CABELLO,Acond Mujer,NIVEA,200,Cabello anti caída
20662,PC,CABELLO,Acond Mujer,NIVEA,400,Crecimiento cabello
20673,PC,CABELLO,Acond Mujer,NIVEA,400,Desintoxicante
20571,PC,CABELLO,Acond Mujer,NIVEA,200,Micelar
20290,PC,CABELLO,Acond Mujer,NIVEA,400,Micelar
20368,PC,CABELLO,Acond Mujer,NIVEA,400,Micelar
20703,PC,CABELLO,Acond Mujer,NIVEA,400,Nueva vida
20631,PC,CABELLO,Acond Mujer,NIVEA,180,Reparacion Delicada
20815,PC,CABELLO,Acond Mujer,NIVEA,200,Reparacion Delicada
20343,PC,CABELLO,Acond Mujer,NIVEA,400,Reparacion Delicada
20915,PC,CABELLO,Acond Mujer,NIVEA,750,Reparacion Delicada
20534,PC,CABELLO,Acond Mujer,NIVEA,200,Salvataje
20444,PC,CABELLO,Acond Mujer,NIVEA,400,Salvataje
20766,PC,CABELLO,Acond Mujer,NIVEA,750,Salvataje
20867,PC,CABELLO,Acond Mujer,NIVEA,200,Salvataje total
20734,PC,CABELLO,Acond Mujer,NIVEA,400,Salvataje total
20934,PC,CABELLO,Acond Mujer,NIVEA,750,Salvataje total
20417,PC,CABELLO,Acond Mujer,NIVEA,400,fortalicimiento raices
20434,PC,CABELLO,Acond Mujer,NIVEA,200,hidratacion profunda
20738,PC,CABELLO,Acond Mujer,NIVEA,750,hidratacion profunda
20401,PC,CABELLO,Acond Mujer,NIVEA,200,oleo
20256,PC,CABELLO,Acond Mujer,NIVEA,400,oleo
20469,PC,CABELLO,Acond Mujer,NIVEA,750,oleo
20748,PC,CABELLO,Acond Mujer,NIVEA,400,oleo plus
20909,PC,CABELLO,Acond Mujer,NIVEA,750,oleo plus
20955,PC,CABELLO,Acond Mujer,NIVEA,200,proteccion
20869,PC,CABELLO,Acond Mujer,NIVEA,400,proteccion
20879,PC,CABELLO,Acond Mujer,NIVEA,10,reconstruccion
20330,PC,CABELLO,Acond Mujer,NIVEA,200,reconstruccion
20212,PC,CABELLO,Acond Mujer,NIVEA,400,reconstruccion
20335,PC,CABELLO,Acond Mujer,NIVEA,750,reconstruccion
21175,PC,CABELLO,Acond Mujer,NIVEA,930,reconstruccion
20727,PC,CABELLO,Acond Mujer,NIVEA,400,reconstruccion plus
20833,PC,CABELLO,Acond Mujer,NIVEA,750,reconstruccion plus
20578,PC,CABELLO,DETOX,SHAMPOO1,400,Acondicionador 3
20532,PC,CABELLO,DETOX,SHAMPOO1,750,Acondicionador 3
20541,PC,CABELLO,NUTRICION,NIVEA,200,Micelar
20351,PC,CABELLO,NUTRICION,NIVEA,400,Micelar
20980,PC,CABELLO,Niños,SHAMPOO2,200,Niños 3 en 1
20927,PC,CABELLO,Niños,SHAMPOO2,350,Niños 3 en 1
20497,PC,CABELLO,Niños,SHAMPOO2,350,Niños cereza
20465,PC,CABELLO,Niños,SHAMPOO2,350,Niños manzana
20625,PC,CABELLO,Niños,SHAMPOO2,350,Niños sandia
21130,PC,CABELLO,POST WASH,NIVEA,100,oleo
21076,PC,CABELLO,POST WASH,SHAMPOO1,200,Gel 1
20960,PC,CABELLO,POST WASH,SHAMPOO1,200,Gel 2
20931,PC,CABELLO,POST WASH,SHAMPOO1,400,Mascara 1
20989,PC,CABELLO,POST WASH,SHAMPOO1,400,Mascara 2
20903,PC,CABELLO,POST WASH,SHAMPOO1,400,Mascara 3
20850,PC,CABELLO,POST WASH,SHAMPOO1,400,Mascara 4
21219,PC,CABELLO,POST WASH,SHAMPOO1,200,Mousse 1
21124,PC,CABELLO,POST WASH,SHAMPOO1,100,Oleo 1
21077,PC,CABELLO,POST WASH,SHAMPOO1,200,Peinado 1
21063,PC,CABELLO,POST WASH,SHAMPOO1,200,Peinado 2
21162,PC,CABELLO,POST WASH,SHAMPOO1,400,Peinado 4
21282,PC,CABELLO,POST WASH,SHAMPOO1,150,Splay 2
21174,PC,CABELLO,POST WASH,SHAMPOO1,300,Spray 1
21083,PC,CABELLO,POST WASH,SHAMPOO1,420,Spray 1
20629,PC,CABELLO,POST WASH,SHAMPOO1,200,hidratacion
20380,PC,CABELLO,POST WASH,SHAMPOO1,400,hidratacion
20404,PC,CABELLO,POST WASH,SHAMPOO1,750,hidratacion
21117,PC,CABELLO,POST WASH,SHAMPOO3,300,Desintoxicante
21150,PC,CABELLO,POST WASH,SHAMPOO3,300,Mascara capilar hidratacion
21137,PC,CABELLO,POST WASH,SHAMPOO3,300,Mascara capilar nutricion
21108,PC,CABELLO,POST WASH,SHAMPOO3,300,Mascara capilar sanacion
20841,PC,CABELLO,POST WASH,SHAMPOO3,300,Peinado Argan
20655,PC,CABELLO,POST WASH,SHAMPOO3,300,Peinado Cabello Liso
20640,PC,CABELLO,POST WASH,SHAMPOO3,300,Peinado Ceramidas
21007,PC,CABELLO,POST WASH,SHAMPOO3,135,Peinado Rulos pefectos
20353,PC,CABELLO,POST WASH,SHAMPOO3,300,Peinado Rulos pefectos
21009,PC,CABELLO,POST WASH,SHAMPOO3,300,Peinado Vital
20787,PC,CABELLO,POST WASH,SHAMPOO3,300,Peinado Zen
21213,PC,CABELLO,POST WASH,SHAMPOO3,150,Peine ceramidas
21210,PC,CABELLO,POST WASH,SHAMPOO3,150,Rulos
21002,PC,CABELLO,POST WASH,SHAMPOO3,400,Tratamiento Intensivo
21198,PC,CABELLO,POST WASH,SHAMPOO3,150,lisos
20745,PC,CABELLO,SHAMPOO,CAPILATIS,200,Anti Smog
20910,PC,CABELLO,SHAMPOO,CAPILATIS,400,Anti Smog
20606,PC,CABELLO,SHAMPOO,CAPILATIS,200,Caida Cabello
20482,PC,CABELLO,SHAMPOO,CAPILATIS,400,Caida Cabello
20698,PC,CABELLO,SHAMPOO,CAPILATIS,400,Caida Severa
20713,PC,CABELLO,SHAMPOO,CAPILATIS,200,Desintoxicante
20596,PC,CABELLO,SHAMPOO,CAPILATIS,400,Desintoxicante
20579,PC,CABELLO,SHAMPOO,CAPILATIS,200,"Ligero, uso diario"
20470,PC,CABELLO,SHAMPOO,CAPILATIS,400,"Ligero, uso diario"
20656,PC,CABELLO,SHAMPOO,CAPILATIS,200,Polo Norte
20560,PC,CABELLO,SHAMPOO,CAPILATIS,400,Polo Norte
20819,PC,CABELLO,SHAMPOO,NIVEA,200,Caida Cabello
20690,PC,CABELLO,SHAMPOO,NIVEA,400,Caida Cabello
20789,PC,CABELLO,SHAMPOO,NIVEA,200,Caspa
20784,PC,CABELLO,SHAMPOO,NIVEA,200,Mas fuerza
20628,PC,CABELLO,SHAMPOO,NIVEA,400,Mas fuerza
20914,PC,CABELLO,SHAMPOO,NIVEA,200,Revitalizante
20857,PC,CABELLO,SHAMPOO,NIVEA,400,Revitalizante
20968,PC,CABELLO,SHAMPOO,NIVEA,400,Sports
20615,PC,CABELLO,SHAMPOO,NIVEA,400,crecimiento
20621,PC,CABELLO,SHAMPOO,NIVEA,400,desintoxicacino esencial
20377,PC,CABELLO,SHAMPOO,NIVEA,400,fortalicimiento raices
20686,PC,CABELLO,SHAMPOO,NIVEA,400,fuerza total
20400,PC,CABELLO,SHAMPOO,NIVEA,200,hidratacion total
20275,PC,CABELLO,SHAMPOO,NIVEA,400,hidratacion total
20704,PC,CABELLO,SHAMPOO,NIVEA,750,hidratacion total
20671,PC,CABELLO,SHAMPOO,NIVEA,180,japon reparacion
20573,PC,CABELLO,SHAMPOO,NIVEA,200,japon reparacion
20779,PC,CABELLO,SHAMPOO,NIVEA,200,japon reparacion
20298,PC,CABELLO,SHAMPOO,NIVEA,400,japon reparacion
20888,PC,CABELLO,SHAMPOO,NIVEA,750,japon reparacion
20837,PC,CABELLO,SHAMPOO,NIVEA,200,limpieza diaria
20710,PC,CABELLO,SHAMPOO,NIVEA,400,limpieza diaria
20584,PC,CABELLO,SHAMPOO,NIVEA,400,liso perfecto
20365,PC,CABELLO,SHAMPOO,NIVEA,200,oleo nutritivo
20244,PC,CABELLO,SHAMPOO,NIVEA,400,oleo nutritivo
20791,PC,CABELLO,SHAMPOO,NIVEA,400,oleo nutritivo
20406,PC,CABELLO,SHAMPOO,NIVEA,750,oleo nutritivo
20938,PC,CABELLO,SHAMPOO,NIVEA,750,oleo nutritivo
20880,PC,CABELLO,SHAMPOO,NIVEA,200,proteccion solar
20861,PC,CABELLO,SHAMPOO,NIVEA,400,proteccion solar
20894,PC,CABELLO,SHAMPOO,NIVEA,10,reconstruccion raices
20334,PC,CABELLO,SHAMPOO,NIVEA,180,reconstruccion raices
20309,PC,CABELLO,SHAMPOO,NIVEA,200,reconstruccion raices
20189,PC,CABELLO,SHAMPOO,NIVEA,400,reconstruccion raices
20747,PC,CABELLO,SHAMPOO,NIVEA,400,reconstruccion raices
20342,PC,CABELLO,SHAMPOO,NIVEA,750,reconstruccion raices
20829,PC,CABELLO,SHAMPOO,NIVEA,750,reconstruccion raices
21177,PC,CABELLO,SHAMPOO,NIVEA,930,reconstruccion raices
20529,PC,CABELLO,SHAMPOO,NIVEA,200,regeneracion superlativa
20900,PC,CABELLO,SHAMPOO,NIVEA,200,regeneracion superlativa
20397,PC,CABELLO,SHAMPOO,NIVEA,400,regeneracion superlativa
20688,PC,CABELLO,SHAMPOO,NIVEA,400,regeneracion superlativa
20767,PC,CABELLO,SHAMPOO,NIVEA,750,regeneracion superlativa
20911,PC,CABELLO,SHAMPOO,NIVEA,750,regeneracion superlativa
20572,PC,CABELLO,SHAMPOO,SHAMPOO1,200,Keratina
20352,PC,CABELLO,SHAMPOO,SHAMPOO1,400,Keratina
20346,PC,CABELLO,SHAMPOO,SHAMPOO1,750,Keratina
20790,PC,CABELLO,SHAMPOO,SHAMPOO1,200,Nutricion 1
20544,PC,CABELLO,SHAMPOO,SHAMPOO1,400,Nutricion 1
20716,PC,CABELLO,SHAMPOO,SHAMPOO1,400,Oleo Solar
20736,PC,CABELLO,SHAMPOO,SHAMPOO1,750,Oleo Solar
21148,PC,CABELLO,SHAMPOO,SHAMPOO1,750,Reparacion
20851,PC,CABELLO,SHAMPOO,SHAMPOO1,400,Super Despeinado
20632,PC,CABELLO,SHAMPOO,SHAMPOO1,200,Tres en Uno
20433,PC,CABELLO,SHAMPOO,SHAMPOO1,400,Tres en Uno
20456,PC,CABELLO,SHAMPOO,SHAMPOO1,750,Tres en Uno
20743,PC,CABELLO,SHAMPOO,SHAMPOO1,200,desintoxicacion
20514,PC,CABELLO,SHAMPOO,SHAMPOO1,400,desintoxicacion
20466,PC,CABELLO,SHAMPOO,SHAMPOO1,750,desintoxicacion
20131,PC,CABELLO,SHAMPOO,SHAMPOO2,930,Cerezas
20502,PC,CABELLO,SHAMPOO,SHAMPOO2,350,Manzana
20130,PC,CABELLO,SHAMPOO,SHAMPOO2,930,Manzana
20143,PC,CABELLO,SHAMPOO,SHAMPOO2,930,Palta
20213,PC,CABELLO,SHAMPOO,SHAMPOO2,930,Palta
20075,PC,CABELLO,SHAMPOO,SHAMPOO2,930,Vainilla
20587,PC,CABELLO,SHAMPOO,SHAMPOO2,300,abejas
20047,PC,CABELLO,SHAMPOO,SHAMPOO2,930,abejas
21053,PC,CABELLO,SHAMPOO,SHAMPOO2,930,ceramidas
20199,PC,CABELLO,SHAMPOO,SHAMPOO2,930,frescura oriental
20464,PC,CABELLO,SHAMPOO,SHAMPOO2,350,frutillas
20607,PC,CABELLO,SHAMPOO,SHAMPOO2,300,jazmin
20044,PC,CABELLO,SHAMPOO,SHAMPOO2,930,jazmin
21025,PC,CABELLO,SHAMPOO,SHAMPOO2,930,lkeratina lacio
20054,PC,CABELLO,SHAMPOO,SHAMPOO2,930,pera
20268,PC,CABELLO,SHAMPOO,SHAMPOO3,200,Cabello liso
20238,PC,CABELLO,SHAMPOO,SHAMPOO3,350,Cabello liso
20277,PC,CABELLO,SHAMPOO,SHAMPOO3,650,Cabello liso
20356,PC,CABELLO,SHAMPOO,SHAMPOO3,350,Caspa
20462,PC,CABELLO,SHAMPOO,SHAMPOO3,200,Crecimiento
20448,PC,CABELLO,SHAMPOO,SHAMPOO3,350,Crecimiento
20425,PC,CABELLO,SHAMPOO,SHAMPOO3,650,Crecimiento
20336,PC,CABELLO,SHAMPOO,SHAMPOO3,200,Sabor 1
20329,PC,CABELLO,SHAMPOO,SHAMPOO3,350,Sabor 1
20385,PC,CABELLO,SHAMPOO,SHAMPOO3,650,Sabor 1
20389,PC,CABELLO,SHAMPOO,SHAMPOO3,300,Sabor 10
20225,PC,CABELLO,SHAMPOO,SHAMPOO3,350,Sabor 10
21187,PC,CABELLO,SHAMPOO,SHAMPOO3,200,Sabor 11
21141,PC,CABELLO,SHAMPOO,SHAMPOO3,350,Sabor 11
21136,PC,CABELLO,SHAMPOO,SHAMPOO3,650,Sabor 11
20483,PC,CABELLO,SHAMPOO,SHAMPOO3,10,Sabor 2
20273,PC,CABELLO,SHAMPOO,SHAMPOO3,200,Sabor 2
20179,PC,CABELLO,SHAMPOO,SHAMPOO3,300,Sabor 2
20220,PC,CABELLO,SHAMPOO,SHAMPOO3,350,Sabor 2
20241,PC,CABELLO,SHAMPOO,SHAMPOO3,650,Sabor 2
20717,PC,CABELLO,SHAMPOO,SHAMPOO3,650,Sabor 2
20314,PC,CABELLO,SHAMPOO,SHAMPOO3,10,Sabor 3
20182,PC,CABELLO,SHAMPOO,SHAMPOO3,200,Sabor 3
20153,PC,CABELLO,SHAMPOO,SHAMPOO3,300,Sabor 3
20181,PC,CABELLO,SHAMPOO,SHAMPOO3,350,Sabor 3
20200,PC,CABELLO,SHAMPOO,SHAMPOO3,650,Sabor 3
20613,PC,CABELLO,SHAMPOO,SHAMPOO3,650,Sabor 3
20523,PC,CABELLO,SHAMPOO,SHAMPOO3,200,Sabor 4
20495,PC,CABELLO,SHAMPOO,SHAMPOO3,350,Sabor 4
20559,PC,CABELLO,SHAMPOO,SHAMPOO3,650,Sabor 4
20310,PC,CABELLO,SHAMPOO,SHAMPOO3,10,Sabor 5
20176,PC,CABELLO,SHAMPOO,SHAMPOO3,200,Sabor 5
20157,PC,CABELLO,SHAMPOO,SHAMPOO3,300,Sabor 5
20177,PC,CABELLO,SHAMPOO,SHAMPOO3,350,Sabor 5
20208,PC,CABELLO,SHAMPOO,SHAMPOO3,650,Sabor 5
20616,PC,CABELLO,SHAMPOO,SHAMPOO3,650,Sabor 5
21183,PC,CABELLO,SHAMPOO,SHAMPOO3,930,Sabor 5
20387,PC,CABELLO,SHAMPOO,SHAMPOO3,200,Sabor 6
20437,PC,CABELLO,SHAMPOO,SHAMPOO3,300,Sabor 6
20297,PC,CABELLO,SHAMPOO,SHAMPOO3,350,Sabor 6
20344,PC,CABELLO,SHAMPOO,SHAMPOO3,650,Sabor 6
20575,PC,CABELLO,SHAMPOO,SHAMPOO3,200,Sabor 7
20525,PC,CABELLO,SHAMPOO,SHAMPOO3,350,Sabor 7
20577,PC,CABELLO,SHAMPOO,SHAMPOO3,650,Sabor 7
20754,PC,CABELLO,SHAMPOO,SHAMPOO3,200,Sabor 8
20659,PC,CABELLO,SHAMPOO,SHAMPOO3,650,Sabor 8
20301,PC,CABELLO,SHAMPOO,SHAMPOO3,200,Sabor 9
20295,PC,CABELLO,SHAMPOO,SHAMPOO3,650,Sabor 9
20489,PC,CABELLO,SHAMPOO,SHAMPOO3,200,abejas
20441,PC,CABELLO,SHAMPOO,SHAMPOO3,350,abejas
20504,PC,CABELLO,SHAMPOO,SHAMPOO3,650,abejas
20475,PC,CABELLO,SHAMPOO,SHAMPOO3,200,limpieza total
20423,PC,CABELLO,SHAMPOO,SHAMPOO3,350,limpieza total
20430,PC,CABELLO,SHAMPOO,SHAMPOO3,650,limpieza total
21263,PC,CABELLO,SHAMPOO,VICHY,250,Sabor 1
21244,PC,CABELLO,SHAMPOO,VICHY,250,Sabor 2
21259,PC,CABELLO,SHAMPOO,VICHY,250,Sabor 3
21248,PC,CABELLO,SHAMPOO,VICHY,250,Sabor 4
20853,PC,CABELLO,Shampoo Bebe,NIVEA,200,Sabor 1
21026,PC,CABELLO,Shampoo Bebe,NIVEA,400,Sabor 1
20981,PC,CABELLO,Shampoo Bebe,NIVEA,200,Sabor 2
21054,PC,CABELLO,Shampoo Bebe,NIVEA,400,Sabor 2
20658,PC,CABELLO,Shampoo Bebe,NIVEA,200,Sabor 3
20622,PC,CABELLO,Shampoo Bebe,NIVEA,400,Sabor 3
21176,PC,CABELLO,Styling,COLBERT,75,Cera Canchero1
21227,PC,CABELLO,Styling,COLBERT,75,Cera Canchero2
21164,PC,CABELLO,Styling,COLBERT,75,Cera Canchero3
21034,PC,CABELLO,Styling,COLBERT,170,Estilo 18
21040,PC,CABELLO,Styling,COLBERT,170,Gel Canchero3
20231,PC,CABELLO,Styling,GOMINA,150,Clasico
20317,PC,CABELLO,Styling,GOMINA,280,Clasico
20624,PC,CABELLO,Styling,GOMINA,150,Larga Duracion
21094,PC,CABELLO,Tratamiento Fem,NIVEA,350,Caida cabellp
20997,PC,CABELLO,Tratamiento Fem,NIVEA,170,Nutricion 50
20902,PC,CABELLO,Tratamiento Fem,NIVEA,170,Nutricion 60
21145,PC,CABELLO,Tratamiento Fem,NIVEA,170,Nutricion 70
21189,PC,CABELLO,Tratamiento Fem,NIVEA,150,hidratacion superior spay
20755,PC,CABELLO,Tratamiento Fem,NIVEA,350,oleo vital
20952,PC,CABELLO,Tratamiento Fem,NIVEA,200,peinado1
20977,PC,CABELLO,Tratamiento Fem,NIVEA,200,peinado2
20969,PC,CABELLO,Tratamiento Fem,NIVEA,200,peinado3
21294,PC,CABELLO,Tratamiento Fem,NIVEA,350,puntas rotas
20832,PC,CABELLO,Tratamiento Fem,NIVEA,350,reconstruccion
21260,PC,CABELLO,Tratamiento Fem,NIVEA,15,reconstruccion absoluta
20718,PC,CABELLO,Tratamiento Fem,NIVEA,350,reconstruccion absoluta
20776,PC,CABELLO,Tratamiento Fem,NIVEA,350,reconstruccion suprema
20942,PC,CABELLO,Tratamiento Masc,NIVEA,300,Nutri 50
20899,PC,CABELLO,Tratamiento Masc,NIVEA,300,Nutri 60
21060,PC,CABELLO,Tratamiento Masc,NIVEA,300,Nutri 80
20883,PC,DENTAL,CREMA,COLGATE,90,AA
20985,PC,DENTAL,CREMA,COLGATE,90,BB
20956,PC,DENTAL,CREMA,COLGATE,90,CC
20906,PC,DENTAL,CREMA,COLGATE,90,DD
20585,PC,DENTAL,CREMA,COLGATE,90,Eucalipto
20751,PC,DENTAL,CREMA,COLGATE,180,Eucalipto
20563,PC,DENTAL,CREMA,COLGATE,90,Mentol
20742,PC,DENTAL,CREMA,COLGATE,180,Mentol
20612,PC,DENTAL,CREMA,COLGATE,90,Peperina
20699,PC,DENTAL,CREMA,COLGATE,90,Spicy
21201,PC,DENTAL,Cepilllo,COLGATE,1,Fresh x1
21118,PC,DENTAL,Cepilllo,COLGATE,2,Fresh x2
21207,PC,DENTAL,Cepilllo,COLGATE,2,Slim x2
21194,PC,DENTAL,Cepilllo,COLGATE,2,Super x2
20539,PC,DEOS,Aero,COLBERT,90,Estilo 1
20267,PC,DEOS,Aero,COLBERT,100,Estilo 10
20590,PC,DEOS,Aero,COLBERT,100,Estilo 11
20367,PC,DEOS,Aero,COLBERT,100,Estilo 12
20321,PC,DEOS,Aero,COLBERT,100,Estilo 13
20452,PC,DEOS,Aero,COLBERT,100,Estilo 14
20496,PC,DEOS,Aero,COLBERT,100,Estilo 15
20386,PC,DEOS,Aero,COLBERT,100,Estilo 16
20799,PC,DEOS,Aero,COLBERT,100,Estilo 17
20566,PC,DEOS,Aero,COLBERT,100,Estilo 18
20263,PC,DEOS,Aero,COLBERT,100,Estilo 19
20898,PC,DEOS,Aero,COLBERT,90,Estilo 2
21078,PC,DEOS,Aero,COLBERT,110,Estilo 20
20536,PC,DEOS,Aero,COLBERT,90,Estilo 21
21106,PC,DEOS,Aero,COLBERT,110,Estilo 22
20719,PC,DEOS,Aero,COLBERT,100,Estilo 23
20599,PC,DEOS,Aero,COLBERT,90,Estilo 3
20811,PC,DEOS,Aero,COLBERT,90,Estilo 30
20866,PC,DEOS,Aero,COLBERT,90,Estilo 31
20844,PC,DEOS,Aero,COLBERT,89,Estilo 32
20818,PC,DEOS,Aero,COLBERT,100,Estilo 33
21061,PC,DEOS,Aero,COLBERT,110,Estilo 34
20481,PC,DEOS,Aero,COLBERT,100,Estilo 35
20972,PC,DEOS,Aero,COLBERT,90,Estilo 5
20920,PC,DEOS,Aero,COLBERT,90,Estilo 7
20912,PC,DEOS,Aero,COLBERT,90,Estilo 8
20904,PC,DEOS,Aero,COLBERT,90,Estilo 9
20935,PC,DEOS,Aero,DEOS1,55,Accion Profunda
20272,PC,DEOS,Aero,DEOS1,90,Active
20255,PC,DEOS,Aero,DEOS1,90,Antibacterial
20999,PC,DEOS,Aero,DEOS1,55,Avena
20354,PC,DEOS,Aero,DEOS1,90,Avena
20627,PC,DEOS,Aero,DEOS1,90,Bosques
20859,PC,DEOS,Aero,DEOS1,110,Clasico
20966,PC,DEOS,Aero,DEOS1,110,Clean Fresh
21179,PC,DEOS,Aero,DEOS1,50,Clinical
21036,PC,DEOS,Aero,DEOS1,55,Electric
20858,PC,DEOS,Aero,DEOS1,90,Electric
20891,PC,DEOS,Aero,DEOS1,100,Frecura total
20650,PC,DEOS,Aero,DEOS1,90,Glicinas
20235,PC,DEOS,Aero,DEOS1,90,Invierno
20407,PC,DEOS,Aero,DEOS1,90,Liga
20276,PC,DEOS,Aero,DEOS1,90,Menta
20307,PC,DEOS,Aero,DEOS1,90,Mentol
21090,PC,DEOS,Aero,DEOS1,55,Mujer Antibacterial
20362,PC,DEOS,Aero,DEOS1,90,Mujer Antibacterial
20608,PC,DEOS,Aero,DEOS1,90,Mujer Antibacterial
20316,PC,DEOS,Aero,DEOS1,90,Mujer Invierno
20320,PC,DEOS,Aero,DEOS1,90,Nutricion
20300,PC,DEOS,Aero,DEOS1,90,Piel Sensible
20965,PC,DEOS,Aero,DEOS1,55,Polvo
20296,PC,DEOS,Aero,DEOS1,90,Race
21092,PC,DEOS,Aero,DEOS1,50,RegulrClinical
20411,PC,DEOS,Aero,DEOS1,90,Roble
20694,PC,DEOS,Aero,DEOS1,90,Sports
20762,PC,DEOS,Aero,DEOS1,90,Sports
20695,PC,DEOS,Aero,DEOS1,150,Tradicinal
20838,PC,DEOS,Aero,DEOS2,60,Sabor 1
20849,PC,DEOS,Aero,DEOS2,60,Sabor 1
20983,PC,DEOS,Aero,DEOS2,60,Sabor 1
21023,PC,DEOS,Aero,DEOS2,60,Sabor 10
21119,PC,DEOS,Aero,DEOS2,60,Sabor 11
20583,PC,DEOS,Aero,DEOS2,100,Sabor 2
20725,PC,DEOS,Aero,DEOS2,100,Sabor 3
21089,PC,DEOS,Aero,DEOS2,100,Sabor 4
21111,PC,DEOS,Aero,DEOS2,110,Sabor 5
21193,PC,DEOS,Aero,DEOS2,60,Sabor 6
20840,PC,DEOS,Aero,DEOS2,60,Sabor 7
20654,PC,DEOS,Aero,DEOS2,60,Sabor 8
21114,PC,DEOS,Aero,DEOS2,60,Sabor 8
20424,PC,DEOS,Aero,DEOS3,100,Sabor 1
20533,PC,DEOS,Aero,DEOS3,150,Sabor 1
21190,PC,DEOS,Aero,DEOS3,50,Sabor 3
20926,PC,DEOS,Aero,DEOS3,150,Sabor 3
21280,PC,DEOS,Aero,DEOS3,50,Sabor 4
20432,PC,DEOS,Aero,DEOS3,100,Sabor 4
20667,PC,DEOS,Aero,DEOS3,150,Sabor 4
21224,PC,DEOS,Aero,DEOS3,50,Sabor 5
20923,PC,DEOS,Aero,DEOS3,150,Sabor 5
20484,PC,DEOS,Aero,DEOS3,100,Sabor 6
20618,PC,DEOS,Aero,DEOS3,150,Sabor 6
21200,PC,DEOS,Aero,DEOS3,50,Sabor 7
20505,PC,DEOS,Aero,DEOS3,100,Sabor 7
20535,PC,DEOS,Aero,NIVEA,100,Aclarante
20720,PC,DEOS,Aero,NIVEA,89,Aroma 1
20679,PC,DEOS,Aero,NIVEA,89,Aroma 10
20315,PC,DEOS,Aero,NIVEA,89,Aroma 11
20122,PC,DEOS,Aero,NIVEA,89,Aroma 12
20924,PC,DEOS,Aero,NIVEA,90,Aroma 13
20410,PC,DEOS,Aero,NIVEA,89,Aroma 15
20453,PC,DEOS,Aero,NIVEA,89,Aroma 2
20359,PC,DEOS,Aero,NIVEA,89,Aroma 3
20349,PC,DEOS,Aero,NIVEA,89,Aroma 5
21115,PC,DEOS,Aero,NIVEA,89,Aroma 6
21082,PC,DEOS,Aero,NIVEA,89,Aroma 7
20569,PC,DEOS,Aero,NIVEA,89,Aroma 8
21126,PC,DEOS,Aero,NIVEA,50,Clinical Original
21087,PC,DEOS,Aero,NIVEA,65,Clinical Original
20744,PC,DEOS,Aero,NIVEA,89,Hombre Antibacterial
21243,PC,DEOS,Aero,NIVEA,70,Hombre Clinical
20639,PC,DEOS,Aero,NIVEA,89,Hombre Proteccion Exra
20500,PC,DEOS,Aero,NIVEA,89,Hombre proteccion total
20932,PC,DEOS,Aero,NIVEA,150,Hombre sport aerosol
20901,PC,DEOS,Aero,NIVEA,55,Invisible
20605,PC,DEOS,Aero,NIVEA,89,Invisible
20946,PC,DEOS,Aero,NIVEA,90,Manzana
20768,PC,DEOS,Aero,NIVEA,55,Regular
20856,PC,DEOS,Aero,NIVEA,100,Suave sin TACC
20930,PC,DEOS,Aero,SHAMPOO2,150,brisa marina
20873,PC,DEOS,Aero,SHAMPOO2,150,jazmin
20945,PC,DEOS,Aero,SHAMPOO2,150,sport
20951,PC,DEOS,Aero,SHAMPOO2,150,sport extremo
21233,PC,DEOS,Aero,SKIN1,150,Invisible
21245,PC,DEOS,Aero,SKIN1,150,larga duracion
21109,PC,DEOS,Barra,NIVEA,50,Aroma 1
21084,PC,DEOS,Barra,NIVEA,50,Aroma 11
21027,PC,DEOS,NoAero,COLBERT,55,Estilo 12
21071,PC,DEOS,NoAero,COLBERT,55,Estilo 13
21196,PC,DEOS,NoAero,COLBERT,50,Estilo 7
21156,PC,DEOS,NoAero,COLBERT,50,Estilo24
21096,PC,DEOS,NoAero,DEOS1,50,Antibacterial
20820,PC,DEOS,NoAero,DEOS1,50,Avena
20749,PC,DEOS,NoAero,DEOS1,50,Aventura
20672,PC,DEOS,NoAero,DEOS1,50,Clasico
20961,PC,DEOS,NoAero,DEOS1,50,Esencia de sol
20735,PC,DEOS,NoAero,DEOS1,50,Invisible
20823,PC,DEOS,NoAero,DEOS1,50,Invisible
21050,PC,DEOS,NoAero,DEOS1,50,Mujer Antibacterial
20739,PC,DEOS,NoAero,DEOS1,50,Nutricion
20756,PC,DEOS,NoAero,DEOS1,50,Nutricion
20701,PC,DEOS,NoAero,DEOS1,50,Piel Sensible
21014,PC,DEOS,NoAero,DEOS1,50,Piel Sensible
20600,PC,DEOS,NoAero,DEOS1,50,Race
20761,PC,DEOS,NoAero,DEOS1,50,Race
20986,PC,DEOS,NoAero,DEOS1,50,Solido frescura
20949,PC,DEOS,NoAero,DEOS1,50,Solido frescura total
20878,PC,DEOS,NoAero,DEOS1,50,Solido sports
21058,PC,DEOS,NoAero,DEOS1,50,Sports
21097,PC,DEOS,NoAero,DEOS1,50,Sports
21110,PC,DEOS,NoAero,DEOS1,50,Sports
21129,PC,DEOS,NoAero,DEOS1,50,Sports
20810,PC,DEOS,NoAero,DEOS1,50,Velocidad
20917,PC,DEOS,Pies Aero,DEOS1,150,Antibacterial
20709,PC,DEOS,Pies NoAero,DEOS1,100,Talco
20120,PC,DEOS,Pies Talco,DEOS1,100,Galco
20132,PC,DEOS,Pies Talco,DEOS1,200,Galco
20402,PC,DEOS,Pies Talco,DEOS1,100,Talco Anibacterial
20337,PC,DEOS,Pies Talco,DEOS1,200,Talco antibacterial
21035,PC,DEOS,RollOn,NIVEA,50,Aroma 1
20967,PC,DEOS,RollOn,NIVEA,50,Aroma 10
20697,PC,DEOS,RollOn,NIVEA,50,Aroma 11
20913,PC,DEOS,RollOn,NIVEA,50,Aroma 11
20326,PC,DEOS,RollOn,NIVEA,50,Aroma 12
21214,PC,DEOS,RollOn,NIVEA,50,Aroma 14
20887,PC,DEOS,RollOn,NIVEA,50,Aroma 16
20807,PC,DEOS,RollOn,NIVEA,50,Aroma 18
20973,PC,DEOS,RollOn,NIVEA,50,Aroma 19
20777,PC,DEOS,RollOn,NIVEA,50,Aroma 2
20954,PC,DEOS,RollOn,NIVEA,50,Aroma 20
20839,PC,DEOS,RollOn,NIVEA,50,Aroma 3
20908,PC,DEOS,RollOn,NIVEA,50,Aroma 8
20637,PC,DEOS,Stick,NIVEA,50,Aroma 12
21008,PC,DEOS,Stick,NIVEA,50,Aroma 12
21171,PC,DEOS,Stick,NIVEA,50,Aroma 21
20382,PC,DEOS,Talco,DEOS1,90,Antibacterial
20646,PC,DEOS,Talco,DEOS1,90,Antibacterial
20542,PC,DEOS,Talco,DEOS1,90,Lima
20111,PC,DEOS,Talco,DEOS1,60,Tradicinal
21231,PC,PIEL1,CREMA,LANCOME,200,antiarrugas
20922,PC,PIEL1,CREMA,LANCOME,350,antiarrugas
21132,PC,PIEL1,CREMA,LANCOME,400,antiarrugas
20786,PC,PIEL1,CREMA,LANCOME,530,antiarrugas
20661,PC,PIEL1,CREMA,LANCOME,350,belleza exotica
20570,PC,PIEL1,CREMA,LANCOME,530,belleza exotica
21236,PC,PIEL1,CREMA,LANCOME,400,colageno
21235,PC,PIEL1,CREMA,LANCOME,200,frutos rojos
20693,PC,PIEL1,CREMA,LANCOME,350,humectacion ligera
20594,PC,PIEL1,CREMA,LANCOME,530,humectacion ligera
21221,PC,PIEL1,CREMA,LANCOME,400,humectacion profunda
20708,PC,PIEL1,CREMA,LANCOME,530,humectacion profunda
20714,PC,PIEL1,CREMA,LANCOME,350,renovacion dermica
20549,PC,PIEL1,CREMA,LANCOME,530,renovacion dermica
20538,PC,PIEL1,CREMA,LANCOME,350,trigo
20463,PC,PIEL1,CREMA,LANCOME,530,trigo
21205,PC,PIEL1,CREMA,LANCOME,200,trigo humectante
21138,PC,PIEL1,CREMA,LANCOME,400,trigo humectante
21204,PC,PIEL1,CREMA,LANCOME,400,vitamina D
21133,PC,PIEL1,CUIDADO ESPECIAL,LANCOME,170,Pepino
21157,PC,PIEL1,CUIDADO ESPECIAL,LANCOME,170,lima
21266,PC,PIEL1,CUIDADO ESPECIAL,LANCOME,32,mascara facial 1
21265,PC,PIEL1,CUIDADO ESPECIAL,LANCOME,32,mascara facial 2
21085,PC,PIEL1,CUIDADO ESPECIAL,LANCOME,350,zanahoria
21232,PC,PIEL1,Cara,LANCOME,200,Astringente
20862,PC,PIEL1,Cara,LANCOME,200,Biosferas
21116,PC,PIEL1,Cara,LANCOME,200,Claridas
21057,PC,PIEL1,Cara,LANCOME,50,Crema hortensias
21149,PC,PIEL1,Cara,LANCOME,100,Crema hortensias
21062,PC,PIEL1,Cara,LANCOME,50,Crema pepino
20882,PC,PIEL1,Cara,LANCOME,100,Crema pepino
21028,PC,PIEL1,Cara,LANCOME,50,Crema rejuvenecimiento
20885,PC,PIEL1,Cara,LANCOME,100,Crema rejuvenecimiento dia
21080,PC,PIEL1,Cara,LANCOME,50,Crema rejuvenecimiento noche
20937,PC,PIEL1,Cara,LANCOME,100,Crema rejuvenecimiento noche
21010,PC,PIEL1,Cara,LANCOME,30,Luminosidad
20998,PC,PIEL1,Cara,LANCOME,30,Noche
20976,PC,PIEL1,Cara,LANCOME,50,Nutricion humectante
20801,PC,PIEL1,Cara,LANCOME,100,Nutricion humectante
20939,PC,PIEL1,Cara,LANCOME,30,Original
21112,PC,PIEL1,Cara,LANCOME,30,Original
21140,PC,PIEL1,Cara,LANCOME,30,Piel Sensible
21135,PC,PIEL1,Cara,LANCOME,220,Piel Sensible
21163,PC,PIEL1,Cara,LANCOME,220,Sin aceite
20865,PC,PIEL1,Cara,LANCOME,200,accion dual
21070,PC,PIEL1,Cara,LANCOME,200,desmaquillaje
21208,PC,PIEL1,Cara,LANCOME,50,humectante
21074,PC,PIEL1,Cara,LANCOME,300,micelar original
21267,PC,PIEL1,Cara,NIVEA,250,Limpieza Facial
21276,PC,PIEL1,Cara,NIVEA,140,reconstruccion
21055,PC,PIEL1,Cuerpo,LANCOME,50,Crema bioenergetica
20957,PC,PIEL1,Cuerpo,LANCOME,100,Crema bioenergetica
21252,PC,PIEL1,Cuerpo,NIVEA,470,Locion Corporal 1
21269,PC,PIEL1,Cuerpo,NIVEA,200,Locion Corporal 2
20971,PC,PIEL1,Cuerpo,NIVEA,400,coco
20830,PC,PIEL1,Cuerpo,NIVEA,200,esencial
20696,PC,PIEL1,Cuerpo,NIVEA,400,esencial
21069,PC,PIEL1,Cuerpo,NIVEA,400,firmeza
20963,PC,PIEL1,Cuerpo,NIVEA,200,frescura
20959,PC,PIEL1,Cuerpo,NIVEA,400,frescura
20826,PC,PIEL1,Cuerpo,NIVEA,200,intensa
20680,PC,PIEL1,Cuerpo,NIVEA,400,intensa
21039,PC,PIEL1,Cuerpo,NIVEA,200,magia
20809,PC,PIEL1,Cuerpo,NIVEA,400,magia
20933,PC,PIEL1,Cuerpo,NIVEA,400,magia
21142,PC,PIEL1,Desmaquillante,SKIN1,200,micelar
21226,PC,PIEL1,Limpieza,SKIN1,25,Toallas desmaquilladoras
21229,PC,PIEL1,Limpieza,SKIN1,25,Toallas desmaquilladoras micelar
21209,PC,PIEL1,Limpieza,SKIN1,150,humectante
21191,PC,PIEL1,Limpieza,SKIN1,150,refrescante
21153,PC,PIEL1,Limpieza Cara,NIVEA,100,Esferas origeno
21159,PC,PIEL1,Limpieza Cara,NIVEA,100,Purificacion profunda
21168,PC,PIEL1,Limpieza Cara,NIVEA,100,hidratacion magica
20921,PC,PIEL2,Alcohol,DEOS1,75,Antibacterial
20875,PC,PIEL2,Alcohol en Gel,DEOS1,300,Alcohol en Gel SIN perfume
21104,PC,PIEL2,Alcohol en Gel,DEOS1,60,Alcohol en Gel antibacterial
21134,PC,PIEL2,Alcohol en Gel,DEOS1,225,Alcohol en Gel antibacterial
21166,PC,PIEL2,Alcohol en Gel,DEOS1,225,Alcohol en Gel antibacterial
20871,PC,PIEL2,Alcohol en Gel,DEOS1,125,Performance
21197,PC,PIEL2,Antibacterial,DEOS1,90,Orquideas
20804,PC,PIEL2,BARRAS,ESPADOL,375,Jabon Antibacterial
20644,PC,PIEL2,BARRAS,ESPADOL,125,Jabon Antibacterial 99.9%
20517,PC,PIEL2,BARRAS,ESPADOL,375,Jabon Antibacterial 99.9%
20825,PC,PIEL2,BARRAS,ESPADOL,125,Jabon Antibacterial Naturalis
20944,PC,PIEL2,BARRAS,ESPADOL,125,Jabon Antibacterial Vitamina D
20905,PC,PIEL2,BARRAS,ESPADOL,375,Jabon Antibacterial Vitamina D
20676,PC,PIEL2,BARRAS,ESPADOL,125,Jabon Antivacterial Sports
20568,PC,PIEL2,BARRAS,ESPADOL,375,Jabon Antivacterial Sports
20369,PC,PIEL2,BARRAS,JABON1,125,Brisa Marina
20392,PC,PIEL2,BARRAS,JABON1,375,Brisa Marina
20347,PC,PIEL2,BARRAS,JABON1,125,Estival
20331,PC,PIEL2,BARRAS,JABON1,375,Estival
20258,PC,PIEL2,BARRAS,JABON1,125,Flores articas
20245,PC,PIEL2,BARRAS,JABON1,375,Flores articas
20339,PC,PIEL2,BARRAS,JABON1,125,Frecura total
20318,PC,PIEL2,BARRAS,JABON1,375,Frecura total
20391,PC,PIEL2,BARRAS,JABON1,125,Magia Dermica
20294,PC,PIEL2,BARRAS,JABON1,125,Petalos celestiales
20274,PC,PIEL2,BARRAS,JABON1,375,Petalos celestiales
20581,PC,PIEL2,BARRAS,JABON1,125,Selva Tropical
20550,PC,PIEL2,BARRAS,JABON1,375,Selva Tropical
20488,PC,PIEL2,Barra,NIVEA,90,Activación
20896,PC,PIEL2,Barra,NIVEA,90,Delicado Cuidado
20619,PC,PIEL2,Barra,NIVEA,350,Dermatologico
20711,PC,PIEL2,Barra,NIVEA,90,Energizante
20283,PC,PIEL2,Barra,NIVEA,90,Exfoliante
20486,PC,PIEL2,Barra,NIVEA,90,Hidrtacion
20782,PC,PIEL2,Barra,NIVEA,90,Hombre sport barra
20058,PC,PIEL2,Barra,NIVEA,90,Tradicional
21068,PC,PIEL2,Gel Ducha,COLBERT,250,Estilo 16
21051,PC,PIEL2,Gel Ducha,COLBERT,250,Estilo 25
21128,PC,PIEL2,Gel Ducha,COLBERT,200,Estilo 36
20700,PC,PIEL2,Jabon Antibacterial,DEOS1,90,Antibacterial Aloe
20574,PC,PIEL2,Jabon Antibacterial,DEOS1,90,Antibacterial Menta
20552,PC,PIEL2,Jabon Antibacterial,DEOS1,270,Antibacterial Menta
21037,PC,PIEL2,Jabon Antibacterial,DEOS1,250,Liquido Antibacterial
20950,PC,PIEL2,Jabon Antibacterial,DEOS1,400,Liquido Antibacterial
21001,PC,PIEL2,Jabon Antibacterial,DEOS1,250,Liquido Antibacterial Aloe
20758,PC,PIEL2,Jabon Antibacterial,DEOS1,220,Liquido Antibacterial Menta
20990,PC,PIEL2,Jabon Antibacterial,DEOS1,250,Liquido frescura antartica
20775,PC,PIEL2,Jabon Barba,NIVEA,90,Hombre Comfort
20591,PC,PIEL2,Jabon Barra,SHAMPOO2,270,2 en 1
20405,PC,PIEL2,Jabon Barra,SHAMPOO2,125,Avena
20214,PC,PIEL2,Jabon Barra,SHAMPOO2,270,Avena
20431,PC,PIEL2,Jabon Barra,SHAMPOO2,125,Coco
20248,PC,PIEL2,Jabon Barra,SHAMPOO2,270,Coco
20526,PC,PIEL2,Jabon Barra,SHAMPOO2,125,Pepino
20458,PC,PIEL2,Jabon Barra,SHAMPOO2,270,Pepino
20521,PC,PIEL2,Jabon Barra,SHAMPOO2,125,Rosas francesas
20414,PC,PIEL2,Jabon Barra,SHAMPOO2,270,Rosas francesas
20457,PC,PIEL2,Jabon Barra,SHAMPOO2,125,Te Rojo
20287,PC,PIEL2,Jabon Barra,SHAMPOO2,270,Te Rojo
20476,PC,PIEL2,Jabon Barra,SHAMPOO2,125,Violetas
20355,PC,PIEL2,Jabon Barra,SHAMPOO2,270,Violetas
20393,PC,PIEL2,Jabon Barra,SHAMPOO2,270,abejas
20531,PC,PIEL2,Jabon Barra,SHAMPOO2,270,abejas
20793,PC,PIEL2,Jabon Bebe,NIVEA,180,Fragancia 1
20831,PC,PIEL2,Jabon Bebe,NIVEA,180,Fragancia 2
20772,PC,PIEL2,Jabon Glicerina,DEOS1,90,Glicerina Manzana
20732,PC,PIEL2,Jabon Glicerina,DEOS1,270,Glicerina Manzana
20827,PC,PIEL2,Jabon Glicerina,DEOS1,90,Glicerina Miel
20774,PC,PIEL2,Jabon Glicerina,DEOS1,270,Glicerina Miel
20674,PC,PIEL2,Jabon Glicerina,DEOS1,90,Glicerina Neutro
20592,PC,PIEL2,Jabon Glicerina,DEOS1,270,Glicerina Neutro
20133,PC,PIEL2,Jabon Regular,DEOS1,125,Avena
20687,PC,PIEL2,Jabon Regular,DEOS1,180,Avena
20101,PC,PIEL2,Jabon Regular,DEOS1,375,Avena
20545,PC,PIEL2,Jabon Regular,DEOS1,125,Liga
20451,PC,PIEL2,Jabon Regular,DEOS1,375,Liga
20870,PC,PIEL2,Jabon Regular,DEOS1,220,Liquido Activo
20802,PC,PIEL2,Jabon Regular,DEOS1,220,Liquido Jazmin
21065,PC,PIEL2,Jabon Regular,DEOS1,250,Liquido Roble
20706,PC,PIEL2,Jabon Regular,DEOS1,220,Liquido frescura antartica
20140,PC,PIEL2,Jabon Regular,DEOS1,125,Orquideas
20106,PC,PIEL2,Jabon Regular,DEOS1,375,Orquideas
20125,PC,PIEL2,Jabon Regular,DEOS1,125,Piel Sensible
20081,PC,PIEL2,Jabon Regular,DEOS1,375,Piel Sensible
20692,PC,PIEL2,Jabon Regular,DEOS1,180,Piel delicada
20134,PC,PIEL2,Jabon Regular,DEOS1,125,Roble
20093,PC,PIEL2,Jabon Regular,DEOS1,375,Roble
20139,PC,PIEL2,Jabon Regular,DEOS1,125,Vida Activa
20123,PC,PIEL2,Jabon Regular,DEOS1,375,Vida Activa
20821,PC,PIEL2,LIQUIDOS,ESPADOL,220,Jabon Antibacterial Crema
20994,PC,PIEL2,LIQUIDOS,ESPADOL,250,Jabon Antibacterial Liquido
21049,PC,PIEL2,LIQUIDOS,ESPADOL,225,Jabon Antibacterial Manos
20702,PC,PIEL2,LIQUIDOS,ESPADOL,220,Jabon Antibacterial total
21029,PC,PIEL2,LIQUIDOS,JABON1,250,Brisa del bosque
21019,PC,PIEL2,LIQUIDOS,JABON1,250,Flores del bosque
21047,PC,PIEL2,LIQUIDOS,JABON1,250,Flores delicadas
21056,PC,PIEL2,LIQUIDOS,JABON1,250,Liz
20988,PC,PIEL2,LIQUIDOS,JABON1,250,Petalos celestiales
21041,PC,PIEL2,LIQUIDOS,JABON1,250,Petalos del paraiso
21022,PC,PIEL2,LIQUIDOS,JABON1,250,Rosas
21013,PC,PIEL2,Liquido,NIVEA,250,Anti Stress
21004,PC,PIEL2,Liquido,NIVEA,220,Antibacterial botella
21107,PC,PIEL2,Liquido,NIVEA,250,Antibacterial refill
20419,PC,PIEL2,Liquido,NIVEA,220,Cream Wash
20864,PC,PIEL2,Liquido,NIVEA,250,Cream Wash
20874,PC,PIEL2,Liquido,NIVEA,250,Dulces sueños
21006,PC,PIEL2,Liquido,NIVEA,250,Energizante
20892,PC,PIEL2,Liquido,NIVEA,250,Relajacion
21021,PC,PIEL2,Liquido,NIVEA,250,Revitalizante
20788,PC,PIEL2,Liquido,NIVEA,250,nutricion profunda
21173,PC,PIEL2,PACKS,ESPADOL,270,Jabon Antibacterial Barra
21147,PC,PIEL2,PACKS,ESPADOL,270,Jabon Antibacterial Crema
20642,PC,PIEL2,Toallitas Bebe,NIVEA,50,AA
20651,PC,PIEL2,Toallitas Bebe,NIVEA,50,BB
21161,REF,TE,Azul,TWININGS,10,Azul
20982,REF,TE,Azul,TWININGS,20,Azul
21185,REF,TE,Azul,TWININGS,225,Azul
21257,REF,TE,Especial,TWININGS,10,EB
21181,REF,TE,Especial,TWININGS,20,EB
21255,REF,TE,Especial,TWININGS,10,EG
21170,REF,TE,Especial,TWININGS,20,EG
21264,REF,TE,Frutas,TWININGS,20,Caramel
21271,REF,TE,Frutas,TWININGS,20,Frutas
21202,REF,TE,Hierbas,TWININGS,20,Manzanilla
21218,REF,TE,Hierbas,TWININGS,20,Menta
21192,REF,TE,Verde,TWININGS,20,Verde
21222,REF,TE,Verde,TWININGS,20,Verde con Menta
21249,sinCatego,sinCatego,sinCatego,sinCatego,0,sinCatego
21253,sinCatego,sinCatego,sinCatego,sinCatego,0,sinCatego
21125,sinCatego,sinCatego,sinCatego,sinCatego,0,sinCatego
21268,sinCatego,sinCatego,sinCatego,sinCatego,0,sinCatego
21270,sinCatego,sinCatego,sinCatego,sinCatego,0,sinCatego
21272,sinCatego,sinCatego,sinCatego,sinCatego,0,sinCatego
21273,sinCatego,sinCatego,sinCatego,sinCatego,0,sinCatego
21274,sinCatego,sinCatego,sinCatego,sinCatego,0,sinCatego
21275,sinCatego,sinCatego,sinCatego,sinCatego,0,sinCatego
21277,sinCatego,sinCatego,sinCatego,sinCatego,0,sinCatego
21278,sinCatego,sinCatego,sinCatego,sinCatego,0,sinCatego
21279,sinCatego,sinCatego,sinCatego,sinCatego,0,sinCatego
21281,sinCatego,sinCatego,sinCatego,sinCatego,0,sinCatego
21283,sinCatego,sinCatego,sinCatego,sinCatego,0,sinCatego
21284,sinCatego,sinCatego,sinCatego,sinCatego,0,sinCatego
21285,sinCatego,sinCatego,sinCatego,sinCatego,0,sinCatego
21286,sinCatego,sinCatego,sinCatego,sinCatego,0,sinCatego
21288,sinCatego,sinCatego,sinCatego,sinCatego,0,sinCatego
21289,sinCatego,sinCatego,sinCatego,sinCatego,0,sinCatego
21290,sinCatego,sinCatego,sinCatego,sinCatego,0,sinCatego
21291,sinCatego,sinCatego,sinCatego,sinCatego,0,sinCatego
21292,sinCatego,sinCatego,sinCatego,sinCatego,0,sinCatego
21165,sinCatego,sinCatego,sinCatego,sinCatego,0,sinCatego
21293,sinCatego,sinCatego,sinCatego,sinCatego,0,sinCatego
21295,sinCatego,sinCatego,sinCatego,sinCatego,0,sinCatego
21296,sinCatego,sinCatego,sinCatego,sinCatego,0,sinCatego
21297,sinCatego,sinCatego,sinCatego,sinCatego,0,sinCatego
21298,sinCatego,sinCatego,sinCatego,sinCatego,0,sinCatego
21299,sinCatego,sinCatego,sinCatego,sinCatego,0,sinCatego
21169,sinCatego,sinCatego,sinCatego,sinCatego,0,sinCatego
20918,sinCatego,sinCatego,sinCatego,sinCatego,0,sinCatego
21178,sinCatego,sinCatego,sinCatego,sinCatego,0,sinCatego
20808,sinCatego,sinCatego,sinCatego,sinCatego,0,sinCatego
21066,sinCatego,sinCatego,sinCatego,sinCatego,0,sinCatego
21199,sinCatego,sinCatego,sinCatego,sinCatego,0,sinCatego
21217,sinCatego,sinCatego,sinCatego,sinCatego,0,sinCatego
21223,sinCatego,sinCatego,sinCatego,sinCatego,0,sinCatego
21225,sinCatego,sinCatego,sinCatego,sinCatego,0,sinCatego
21098,sinCatego,sinCatego,sinCatego,sinCatego,0,sinCatego
21228,sinCatego,sinCatego,sinCatego,sinCatego,0,sinCatego
21230,sinCatego,sinCatego,sinCatego,sinCatego,0,sinCatego
20848,sinCatego,sinCatego,sinCatego,sinCatego,0,sinCatego
21238,sinCatego,sinCatego,sinCatego,sinCatego,0,sinCatego
21240,sinCatego,sinCatego,sinCatego,sinCatego,0,sinCatego
21241,sinCatego,sinCatego,sinCatego,sinCatego,0,sinCatego
